Date,Group,Sex,Day,Time,Act,TRee,Part,Rate,Spent
23-12-2011,1,F,1,09:00,Mo,NA,NA,NA,5
23-12-2011,1,F,1,09:05,Re,NA,NA,NA,1
23-12-2011,1,F,1,09:06,Ot,NA,NA,NA,1
23-12-2011,1,F,1,09:07,Re,NA,NA,NA,7
23-12-2011,1,F,1,09:14,Fe,BD,UF,2,6
23-12-2011,1,F,1,09:20,Mo,NA,NA,NA,1
23-12-2011,1,F,1,09:21,Re,NA,NA,NA,9
23-12-2011,1,F,1,09:30,Ot,NA,NA,NA,1
23-12-2011,1,F,1,09:31,Re,NA,NA,NA,11
23-12-2011,1,F,1,09:42,Fe,BD,UF,2,15
23-12-2011,1,F,1,09:57,Mo,NA,NA,NA,3
23-12-2011,1,M,1,10:15,Fe,DI,RF,4,3
23-12-2011,1,M,1,10:18,Mo,NA,NA,NA,1
23-12-2011,1,M,1,10:19,Re,NA,NA,NA,13
23-12-2011,1,M,1,10:32,Ot,NA,NA,NA,1
23-12-2011,1,M,1,10:33,Re,NA,NA,NA,8
23-12-2011,1,M,1,10:41,Ot,NA,NA,NA,2
23-12-2011,1,M,1,10:43,Fe,K,pet,8,7
23-12-2011,1,M,1,10:50,Re,NA,NA,NA,13
23-12-2011,1,M,1,11:03,Fe,K,pet,8,12
23-12-2011,1,F,1,11:30,Fe,K,SB,4,4
23-12-2011,1,F,1,11:34,Re,NA,NA,NA,2
23-12-2011,1,F,1,11:36,Ot,NA,NA,NA,2
23-12-2011,1,F,1,11:38,Re,NA,NA,NA,2
23-12-2011,1,F,1,11:40,Ot,NA,NA,NA,14
23-12-2011,1,F,1,11:54,Re,NA,NA,NA,7
23-12-2011,1,F,1,12:01,Fe,K,SB,4,7
23-12-2011,1,F,1,12:08,Re,NA,NA,NA,2
23-12-2011,1,F,1,12:10,Ot,NA,NA,NA,13
23-12-2011,1,F,1,12:23,Re,NA,NA,NA,7
23-12-2011,1,M,1,12:50,Fe,Bhomora,UF,NA,4
23-12-2011,1,M,1,12:54,Re,NA,NA,NA,3
23-12-2011,1,M,1,12:57,Fe,KC,FL,NA,6
23-12-2011,1,M,1,13:03,Mo,NA,NA,NA,2
23-12-2011,1,M,1,13:05,Fe,GH,pet,NA,11
23-12-2011,1,M,1,13:16,Mo,NA,NA,NA,4
23-12-2011,1,M,1,13:20,Fe,Bhomora,Fr,NA,2
23-12-2011,1,M,1,13:22,Re,NA,NA,NA,5
23-12-2011,1,M,1,13:27,Fe,KC,FL,NA,1
23-12-2011,1,M,1,13:28,Re,NA,NA,NA,2
23-12-2011,1,M,1,13:30,Fe,GH,pet,NA,15
23-12-2011,1,M,1,13:45,Re,NA,NA,NA,2
23-12-2011,1,M,1,13:47,Ot,NA,NA,NA,3
23-12-2011,1,F,1,14:05,Fe,LP,YL,NA,10
23-12-2011,1,F,1,14:15,Re,NA,NA,NA,2
23-12-2011,1,F,1,14:17,Mo,NA,NA,NA,1
23-12-2011,1,F,1,14:18,Re,NA,NA,NA,3
23-12-2011,1,F,1,14:21,Fe,HC,Fr,NA,9
23-12-2011,1,F,1,14:30,Fe,BJ,ML,NA,4
23-12-2011,1,F,1,14:34,Mo,NA,NA,NA,2
23-12-2011,1,F,1,14:36,Fe,LP,YL,NA,9
23-12-2011,1,F,1,14:45,Re,NA,NA,NA,4
23-12-2011,1,F,1,14:49,Ot,NA,NA,NA,11
23-12-2011,1,F,1,15:00,Fe,haldhi chapa,fr,NA,4
23-12-2011,1,F,1,15:04,Fe,BJ,ML,NA,1
23-12-2011,1,F,1,15:05,Fe,BJ,ML,NA,0
24-12-2011,1,M,2,08:00,Fe,BD,UF,NA,20
24-12-2011,1,M,2,08:20,Re,NA,NA,NA,20
24-12-2011,1,M,2,08:40,Fe,BD,UF,NA,8
24-12-2011,1,M,2,08:48,Mo,NA,NA,NA,3
24-12-2011,1,M,2,08:51,Re,NA,NA,NA,3
24-12-2011,1,M,2,08:54,Mo,NA,NA,NA,1
24-12-2011,1,M,2,08:55,Re,NA,NA,NA,5
24-12-2011,1,M,2,09:00,Mo,NA,NA,NA,60
24-12-2011,1,M,2,10:00,Re,NA,NA,NA,5
24-12-2011,1,M,2,10:05,Fe,BD,UF,NA,4
24-12-2011,1,M,2,10:09,Re,NA,NA,NA,4
24-12-2011,1,M,2,10:13,Fe,K,pet,NA,6
24-12-2011,1,M,2,10:19,Re,NA,NA,NA,2
24-12-2011,1,M,2,10:21,Mo,NA,NA,NA,2
24-12-2011,1,M,2,10:23,Fe,FG,UF,6,5
24-12-2011,1,M,2,10:28,Mo,NA,NA,NA,3
24-12-2011,1,M,2,10:31,Fe,Mik,ML,8,6
24-12-2011,1,M,2,10:37,Re,NA,NA,NA,4
24-12-2011,1,M,2,10:41,Fe,BD,UF,3,5
24-12-2011,1,M,2,10:46,Re,NA,NA,NA,5
24-12-2011,1,M,2,10:51,Fe,AL,SP,2,9
24-12-2011,1,F,2,11:15,Fe,AL,SP,2,7
24-12-2011,1,F,2,11:22,Mo,NA,NA,NA,3
24-12-2011,1,F,2,11:25,Fe,K,pet,NA,14
24-12-2011,1,F,2,11:39,Re,NA,NA,NA,7
24-12-2011,1,F,2,11:46,Ot,NA,NA,NA,8
24-12-2011,1,F,2,11:54,Re,NA,NA,NA,9
24-12-2011,1,F,2,12:03,Ot,NA,NA,NA,8
24-12-2011,1,F,2,12:11,Mo,NA,NA,NA,2
24-12-2011,1,F,2,12:13,Fe,KC,FL,10,2
24-12-2011,1,M,2,12:30,Fe,KC,FL,10,10
24-12-2011,1,M,2,12:40,Re,NA,NA,NA,1
24-12-2011,1,M,2,12:41,Mo,NA,NA,NA,2
24-12-2011,1,M,2,12:43,Fe,HS,Fr,1,4
24-12-2011,1,M,2,12:47,Mo,NA,NA,NA,1
24-12-2011,1,M,2,12:48,Re,NA,NA,NA,10
24-12-2011,1,M,2,12:58,Ot,NA,NA,NA,2
24-12-2011,1,M,2,13:00,Re,NA,NA,NA,4
24-12-2011,1,M,2,13:04,Ot,NA,NA,NA,11
24-12-2011,1,M,2,13:15,Mo,NA,NA,NA,1
24-12-2011,1,M,2,13:16,Re,NA,NA,NA,5
24-12-2011,1,M,2,13:21,Ot,NA,NA,NA,2
24-12-2011,1,M,2,13:23,Re,NA,NA,NA,4
24-12-2011,1,M,2,13:27,Mo,NA,NA,NA,3
24-12-2011,1,M,2,13:30,Re,NA,NA,NA,0
25-12-2011,1,M,3,08:20,Ot,NA,NA,NA,29
25-12-2011,1,M,3,08:49,Fe,K,pet,11,17
25-12-2011,1,M,3,09:06,Mo,NA,NA,NA,3
25-12-2011,1,M,3,09:09,Fe,MP,Ml,5,11
25-12-2011,1,F,3,09:35,Fe,MP,Ml,5,15
25-12-2011,1,F,3,09:50,Re,NA,NA,NA,1
25-12-2011,1,F,3,09:51,Mo,NA,NA,NA,3
25-12-2011,1,F,3,09:54,Re,NA,NA,NA,1
25-12-2011,1,F,3,09:55,Mo,NA,NA,NA,2
25-12-2011,1,F,3,09:57,Re,NA,NA,NA,3
25-12-2011,1,F,3,10:00,Mo,NA,NA,NA,2
25-12-2011,1,F,3,10:02,Fe,BD,UF,3,10
25-12-2011,1,F,3,10:12,Mo,NA,NA,NA,1
25-12-2011,1,F,3,10:13,Re,NA,NA,NA,2
25-12-2011,1,F,3,10:15,Ot,NA,NA,NA,1
25-12-2011,1,F,3,10:16,Re,NA,NA,NA,3
25-12-2011,1,F,3,10:19,Ot,NA,NA,NA,2
25-12-2011,1,F,3,10:21,Mo,NA,NA,NA,7
25-12-2011,1,F,3,10:28,Ot,NA,NA,NA,4
25-12-2011,1,F,3,10:32,Mo,NA,NA,NA,3
25-12-2011,1,M,3,10:50,Re,NA,NA,NA,37
25-12-2011,1,M,3,11:27,Ot,NA,NA,NA,3
25-12-2011,1,M,3,11:30,Re,NA,NA,NA,2
25-12-2011,1,M,3,11:32,Ot,NA,NA,NA,1
25-12-2011,1,M,3,11:33,Re,NA,NA,NA,17
25-12-2011,1,F,3,12:05,Re,NA,NA,NA,10
25-12-2011,1,F,3,12:15,Ot,NA,NA,NA,5
25-12-2011,1,F,3,12:20,Re,NA,NA,NA,3
25-12-2011,1,F,3,12:23,Ot,NA,NA,NA,14
25-12-2011,1,F,3,12:37,Re,NA,NA,NA,3
25-12-2011,1,F,3,12:40,Ot,NA,NA,NA,1
25-12-2011,1,F,3,12:41,Mo,NA,NA,NA,10
25-12-2011,1,F,3,12:51,Fe,LP,ML,NA,4
25-12-2011,1,F,3,12:55,Mo,NA,NA,NA,3
25-12-2011,1,F,3,12:58,Fe,BD,UF,2,7
25-12-2011,1,M,3,13:20,Fe,BD,UF,2,14
25-12-2011,1,M,3,13:34,Mo,NA,NA,NA,1
25-12-2011,1,M,3,13:35,Re,NA,NA,NA,4
25-12-2011,1,M,3,13:39,Ot,NA,NA,NA,2
25-12-2011,1,M,3,13:41,Re,NA,NA,NA,3
25-12-2011,1,M,3,13:44,Ot,NA,NA,NA,1
25-12-2011,1,M,3,13:45,Re,NA,NA,NA,5
25-12-2011,1,M,3,13:50,Mo,NA,NA,NA,1
25-12-2011,1,M,3,13:51,Re,NA,NA,NA,6
25-12-2011,1,M,3,13:57,Fe,HC,Fr,NA,19
25-12-2011,1,M,3,14:16,Re,NA,NA,NA,4
25-12-2011,1,M,3,14:20,Re,NA,NA,NA,0
26-12-2011,1,M,4,09:00,Re,NA,NA,NA,1
26-12-2011,1,M,4,09:01,Ot,NA,NA,NA,1
26-12-2011,1,M,4,09:02,Mo,NA,NA,NA,1
26-12-2011,1,M,4,09:03,Re,NA,NA,NA,1
26-12-2011,1,M,4,09:04,Ot,NA,NA,NA,2
26-12-2011,1,M,4,09:06,Mo,NA,NA,NA,1
26-12-2011,1,M,4,09:07,Re,NA,NA,NA,2
26-12-2011,1,M,4,09:09,Ot,NA,NA,NA,1
26-12-2011,1,M,4,09:10,Re,NA,NA,NA,1
26-12-2011,1,M,4,09:11,Ot,NA,NA,NA,1
26-12-2011,1,M,4,09:12,Re,NA,NA,NA,5
26-12-2011,1,M,4,09:17,Ot,NA,NA,NA,4
26-12-2011,1,M,4,09:21,Re,NA,NA,NA,1
26-12-2011,1,M,4,09:22,Ot,NA,NA,NA,2
26-12-2011,1,M,4,09:24,Re,NA,NA,NA,6
26-12-2011,1,M,4,09:30,Ot,NA,NA,NA,7
26-12-2011,1,M,4,09:37,Re,NA,NA,NA,2
26-12-2011,1,M,4,09:39,Ot,NA,NA,NA,2
26-12-2011,1,M,4,09:41,Re,NA,NA,NA,7
26-12-2011,1,M,4,09:48,Ot,NA,NA,NA,7
26-12-2011,1,M,4,09:55,Re,NA,NA,NA,5
26-12-2011,1,F,4,10:15,Re,NA,NA,NA,2
26-12-2011,1,F,4,10:17,Ot,NA,NA,NA,14
26-12-2011,1,F,4,10:31,Mo,NA,NA,NA,9
26-12-2011,1,F,4,10:40,Fe,K,pet,NA,16
26-12-2011,1,F,4,10:56,Fe,DI,RF,NA,8
26-12-2011,1,F,4,11:04,Re,NA,NA,NA,5
26-12-2011,1,F,4,11:09,Ot,NA,NA,NA,2
26-12-2011,1,F,4,11:11,Re,NA,NA,NA,3
26-12-2011,1,F,4,11:14,Ot,NA,NA,NA,1
26-12-2011,1,M,4,11:30,Fe,LP,ML,5,5
26-12-2011,1,M,4,11:35,Re,NA,NA,NA,3
26-12-2011,1,M,4,11:38,Fe,LP,ML,5,5
26-12-2011,1,M,4,11:43,Mo,NA,NA,NA,1
26-12-2011,1,M,4,11:44,Re,NA,NA,NA,42
26-12-2011,1,M,4,12:26,Ot,NA,NA,NA,4
26-12-2011,1,F,4,12:45,Mo,NA,NA,NA,5
26-12-2011,1,F,4,12:50,Re,NA,NA,NA,6
26-12-2011,1,F,4,12:56,Mo,NA,NA,NA,1
26-12-2011,1,F,4,12:57,Fe,LP,ML,NA,2
26-12-2011,1,F,4,12:59,Mo,NA,NA,NA,1
26-12-2011,1,F,4,13:00,Re,NA,NA,NA,1
26-12-2011,1,F,4,13:01,Mo,NA,NA,NA,1
26-12-2011,1,F,4,13:02,Re,NA,NA,NA,1
26-12-2011,1,F,4,13:03,Mo,NA,NA,NA,6
26-12-2011,1,F,4,13:09,Re,NA,NA,NA,5
26-12-2011,1,F,4,13:14,Mo,NA,NA,NA,5
26-12-2011,1,F,4,13:19,Fe,SM,ML,NA,19
26-12-2011,1,F,4,13:38,Re,NA,NA,NA,7
26-12-2011,1,F,4,13:45,Re,NA,NA,NA,0
27-12-2011,1,M,5,08:00,Fe,K,pet,6,7
27-12-2011,1,M,5,08:07,Mo,NA,NA,NA,1
27-12-2011,1,M,5,08:08,Fe,K,pet,7,5
27-12-2011,1,M,5,08:13,Mo,NA,NA,NA,1
27-12-2011,1,M,5,08:14,Fe,LP,ML,10,17
27-12-2011,1,M,5,08:31,Re,NA,NA,NA,4
27-12-2011,1,M,5,08:35,Mo,NA,NA,NA,5
27-12-2011,1,M,5,08:40,Fe,Bb,Sp,NA,3
27-12-2011,1,M,5,08:43,Mo,NA,NA,NA,3
27-12-2011,1,M,5,08:46,Re,NA,NA,NA,2
27-12-2011,1,M,5,08:48,Mo,NA,NA,NA,3
27-12-2011,1,M,5,08:51,Re,NA,NA,NA,4
27-12-2011,1,M,5,08:55,Fe,LP,ML,NA,5
27-12-2011,1,F,5,09:15,Ot,NA,NA,NA,2
27-12-2011,1,F,5,09:17,Re,NA,NA,NA,3
27-12-2011,1,F,5,09:20,Fe,K,pet,6,2
27-12-2011,1,F,5,09:22,Mo,NA,NA,NA,1
27-12-2011,1,F,5,09:23,Re,NA,NA,NA,2
27-12-2011,1,F,5,09:25,Mo,NA,NA,NA,1
27-12-2011,1,F,5,09:26,Re,NA,NA,NA,1
27-12-2011,1,F,5,09:27,Mo,NA,NA,NA,1
27-12-2011,1,F,5,09:28,Fe,K,pet,6,5
27-12-2011,1,F,5,09:33,Re,NA,NA,NA,2
27-12-2011,1,F,5,09:35,Fe,K,pet,6,2
27-12-2011,1,F,5,09:37,Mo,NA,NA,NA,3
27-12-2011,1,F,5,09:40,Re,NA,NA,NA,8
27-12-2011,1,F,5,09:48,Ot,NA,NA,NA,1
27-12-2011,1,F,5,09:49,Re,NA,NA,NA,5
27-12-2011,1,F,5,09:54,Ot,NA,NA,NA,1
27-12-2011,1,F,5,09:55,Re,NA,NA,NA,12
27-12-2011,1,F,5,10:07,Ot,NA,NA,NA,1
27-12-2011,1,F,5,10:08,Re,NA,NA,NA,7
27-12-2011,1,M,5,10:30,Mo,NA,NA,NA,4
27-12-2011,1,M,5,10:34,Re,NA,NA,NA,1
27-12-2011,1,M,5,10:35,Fe,DI,RF,8,18
27-12-2011,1,M,5,10:53,Re,NA,NA,NA,37
27-12-2011,1,F,5,11:35,Re,NA,NA,NA,25
27-12-2011,1,F,5,12:00,Ot,NA,NA,NA,2
27-12-2011,1,F,5,12:02,Re,NA,NA,NA,2
27-12-2011,1,F,5,12:04,Mo,NA,NA,NA,4
27-12-2011,1,F,5,12:08,Fe,PA,YL,NA,26
27-12-2011,1,F,5,12:34,Mo,NA,NA,NA,1
27-12-2011,1,F,5,12:35,Re,NA,NA,NA,0
05-01-2012,2,F,6,09:00,Fe,K,SB,10,3
05-01-2012,2,F,6,09:03,Re,NA,NA,NA,3
05-01-2012,2,F,6,09:06,Ot,NA,NA,NA,5
05-01-2012,2,F,6,09:11,Re,NA,NA,NA,1
05-01-2012,2,F,6,09:12,Ot,NA,NA,NA,1
05-01-2012,2,F,6,09:13,Fe,K,SB,NA,20
05-01-2012,2,F,6,09:33,Ot,NA,NA,NA,3
05-01-2012,2,F,6,09:36,Mo,NA,NA,NA,1
05-01-2012,2,F,6,09:37,Re,NA,NA,NA,1
05-01-2012,2,F,6,09:38,Ot,NA,NA,NA,1
05-01-2012,2,F,6,09:39,Mo,NA,NA,NA,6
05-01-2012,2,F,6,09:45,Fe,DI,RF,5,15
05-01-2012,2,M,6,10:15,Re,NA,NA,NA,3
05-01-2012,2,M,6,10:18,Mo,NA,NA,NA,2
05-01-2012,2,M,6,10:20,Fe,BD,UF,3,4
05-01-2012,2,M,6,10:24,Mo,NA,NA,NA,1
05-01-2012,2,M,6,10:25,Fe,BD,UF,3,11
05-01-2012,2,M,6,10:36,Re,NA,NA,NA,3
05-01-2012,2,M,6,10:39,Fe,BD,UF,3,14
05-01-2012,2,M,6,10:53,Mo,NA,NA,NA,1
05-01-2012,2,M,6,10:54,Re,NA,NA,NA,2
05-01-2012,2,M,6,10:56,Mo,NA,NA,NA,1
05-01-2012,2,M,6,10:57,Re,NA,NA,NA,2
05-01-2012,2,M,6,10:59,Ot,NA,NA,NA,1
05-01-2012,2,M,6,11:00,Mo,NA,NA,NA,1
05-01-2012,2,M,6,11:01,Re,NA,NA,NA,5
05-01-2012,2,M,6,11:06,Fe,BK,ML,10,9
05-01-2012,2,F,6,11:20,Fe,BD,UF,2,17
05-01-2012,2,F,6,11:37,Re,NA,NA,NA,11
05-01-2012,2,F,6,11:48,Mo,NA,NA,NA,1
05-01-2012,2,F,6,11:49,Re,NA,NA,NA,1
05-01-2012,2,F,6,11:50,Fe,BD,UF,2,2
05-01-2012,2,F,6,11:52,Mo,NA,NA,NA,19
05-01-2012,2,F,6,12:11,Re,NA,NA,NA,7
05-01-2012,2,F,6,12:18,Ot,NA,NA,NA,2
05-01-2012,2,M,6,12:30,Re,NA,NA,NA,10
05-01-2012,2,M,6,12:40,Ot,NA,NA,NA,7
05-01-2012,2,M,6,12:47,Re,NA,NA,NA,17
05-01-2012,2,M,6,13:04,Mo,NA,NA,NA,1
05-01-2012,2,M,6,13:05,Ot,NA,NA,NA,1
05-01-2012,2,M,6,13:06,Mo,NA,NA,NA,1
05-01-2012,2,M,6,13:07,Re,NA,NA,NA,14
05-01-2012,2,M,6,13:21,Fe,Tita,Ml,NA,9
05-01-2012,2,M,6,13:30,Fe,Tita,Ml,NA,0
06-01-2012,2,M,7,08:00,Fe,BD,UF,3,6
06-01-2012,2,M,7,08:06,Mo,NA,NA,NA,1
06-01-2012,2,M,7,08:07,Fe,BD,UF,3,20
06-01-2012,2,M,7,08:27,Re,NA,NA,NA,3
06-01-2012,2,M,7,08:30,Mo,NA,NA,NA,1
06-01-2012,2,M,7,08:31,Fe,BD,UF,3,14
06-01-2012,2,M,7,08:45,Mo,NA,NA,NA,3
06-01-2012,2,M,7,08:48,Fe,K,SB,3,9
06-01-2012,2,M,7,08:57,Mo,NA,NA,NA,1
06-01-2012,2,M,7,08:58,Re,NA,NA,NA,1
06-01-2012,2,M,7,08:59,Ot,NA,NA,NA,1
06-01-2012,2,F,7,09:15,Fe,K,SB,10,9
06-01-2012,2,F,7,09:24,Re,NA,NA,NA,5
06-01-2012,2,F,7,09:29,Mo,NA,NA,NA,1
06-01-2012,2,F,7,09:30,Re,NA,NA,NA,3
06-01-2012,2,F,7,09:33,Fe,K,SB,NA,6
06-01-2012,2,F,7,09:39,Mo,NA,NA,NA,1
06-01-2012,2,F,7,09:40,Re,NA,NA,NA,2
06-01-2012,2,F,7,09:42,Ot,NA,NA,NA,2
06-01-2012,2,F,7,09:44,Re,NA,NA,NA,4
06-01-2012,2,F,7,09:48,Fe,K,SB,10,9
06-01-2012,2,F,7,09:57,Mo,NA,NA,NA,1
06-01-2012,2,F,7,09:58,Re,NA,NA,NA,4
06-01-2012,2,F,7,10:02,Ot,NA,NA,NA,1
06-01-2012,2,F,7,10:03,Re,NA,NA,NA,1
06-01-2012,2,F,7,10:04,Fe,K,SB,11,11
06-01-2012,2,F,7,10:30,Fe,BD,UF,2,5
06-01-2012,2,F,7,10:35,Mo,NA,NA,NA,1
06-01-2012,2,F,7,10:36,Fe,BD,UF,3,8
06-01-2012,2,F,7,10:44,Re,NA,NA,NA,3
06-01-2012,2,F,7,10:47,Ot,NA,NA,NA,1
06-01-2012,2,F,7,10:48,Fe,BD,UF,3,5
06-01-2012,2,F,7,10:53,Mo,NA,NA,NA,2
06-01-2012,2,F,7,10:55,Re,NA,NA,NA,2
06-01-2012,2,F,7,10:57,Mo,NA,NA,NA,1
06-01-2012,2,F,7,10:58,Fe,BD,UF,3,17
06-01-2012,2,F,7,11:15,Mo,NA,NA,NA,2
06-01-2012,2,F,7,11:17,Re,NA,NA,NA,8
06-01-2012,2,F,7,11:25,Ot,NA,NA,NA,4
06-01-2012,2,F,7,11:29,Re,NA,NA,NA,1
06-01-2012,2,M,7,11:45,Fe,BD,UF,4,8
06-01-2012,2,M,7,11:53,Ot,NA,NA,NA,1
06-01-2012,2,M,7,11:54,Re,NA,NA,NA,1
06-01-2012,2,M,7,11:55,Mo,NA,NA,NA,1
06-01-2012,2,M,7,11:56,Re,NA,NA,NA,2
06-01-2012,2,M,7,11:58,Ot,NA,NA,NA,1
06-01-2012,2,M,7,11:59,Re,NA,NA,NA,3
06-01-2012,2,M,7,12:02,Ot,NA,NA,NA,1
06-01-2012,2,M,7,12:03,Re,NA,NA,NA,8
06-01-2012,2,M,7,12:11,Ot,NA,NA,NA,1
06-01-2012,2,M,7,12:12,Mo,NA,NA,NA,2
06-01-2012,2,M,7,12:14,Re,NA,NA,NA,4
06-01-2012,2,M,7,12:18,Fe,BD,UF,2,7
06-01-2012,2,M,7,12:25,Mo,NA,NA,NA,2
06-01-2012,2,M,7,12:27,Re,NA,NA,NA,10
06-01-2012,2,M,7,12:37,Ot,NA,NA,NA,7
06-01-2012,2,M,7,12:44,Re,NA,NA,NA,1
06-01-2012,2,F,7,12:50,Fe,BK,ML,12,11
06-01-2012,2,F,7,13:01,Mo,NA,NA,NA,1
06-01-2012,2,F,7,13:02,Re,NA,NA,NA,2
06-01-2012,2,F,7,13:04,Fe,BK,ML,11,9
06-01-2012,2,F,7,13:13,Re,NA,NA,NA,1
06-01-2012,2,F,7,13:14,Mo,NA,NA,NA,3
06-01-2012,2,F,7,13:17,Re,NA,NA,NA,9
06-01-2012,2,F,7,13:26,Ot,NA,NA,NA,4
06-01-2012,2,F,7,13:30,Re,NA,NA,NA,2
06-01-2012,2,F,7,13:32,Ot,NA,NA,NA,1
06-01-2012,2,F,7,13:33,Re,NA,NA,NA,2
06-01-2012,2,F,7,13:35,Mo,NA,NA,NA,5
06-01-2012,2,F,7,13:40,Re,NA,NA,NA,1
06-01-2012,2,F,7,13:41,Fe,BD,UF,3,9
06-01-2012,2,F,7,13:50,Fe,BD,UF,3,0
11-01-2012,2,F,8,07:40,Fe,DI,RF,2,26
11-01-2012,2,F,8,08:06,Mo,NA,NA,NA,2
11-01-2012,2,F,8,08:08,Re,NA,NA,NA,32
11-01-2012,2,F,8,08:50,Fe,Panchapa,Fr,3,25
11-01-2012,2,F,8,09:15,Fe,Bloody TRee,Midrib of leaf,3,5
11-01-2012,2,F,8,09:20,Re,NA,NA,NA,30
11-01-2012,2,F,8,10:00,Re,NA,NA,NA,38
11-01-2012,2,F,8,10:38,Fe,BD,UF,NA,22
11-01-2012,2,F,8,11:00,Fe,BD,UF,NA,60
13-01-2012,1,M,9,12:50,Mo,NA,NA,NA,2
13-01-2012,1,M,9,12:52,Re,NA,NA,NA,13
13-01-2012,1,M,9,13:05,Ot,NA,NA,NA,2
13-01-2012,1,M,9,13:07,Mo,NA,NA,NA,2
13-01-2012,1,M,9,13:09,Re,NA,NA,NA,7
13-01-2012,1,M,9,13:16,Ot,NA,NA,NA,1
13-01-2012,1,M,9,13:17,Mo,NA,NA,NA,1
13-01-2012,1,M,9,13:18,Re,NA,NA,NA,5
13-01-2012,1,M,9,13:23,Ot,NA,NA,NA,1
13-01-2012,1,M,9,13:24,Mo,NA,NA,NA,2
13-01-2012,1,M,9,13:26,Re,NA,NA,NA,1
13-01-2012,1,M,9,13:27,Fe,BD,UF,3,15
13-01-2012,1,M,9,13:42,Mo,NA,NA,NA,1
13-01-2012,1,M,9,13:43,Fe,BD,UF,3,7
13-01-2012,1,F,9,14:00,Fe,BD,UF,3,14
13-01-2012,1,F,9,14:14,Re,NA,NA,NA,2
13-01-2012,1,F,9,14:16,Ot,NA,NA,NA,1
13-01-2012,1,F,9,14:17,Mo,NA,NA,NA,1
13-01-2012,1,F,9,14:18,Re,NA,NA,NA,1
13-01-2012,1,F,9,14:19,Fe,BD,UF,2,12
13-01-2012,1,F,9,14:31,Mo,NA,NA,NA,3
13-01-2012,1,F,9,14:34,Re,NA,NA,NA,2
13-01-2012,1,F,9,14:36,Fe,K,SB,10,13
13-01-2012,1,F,9,14:49,Fe,K,SB,10,5
13-01-2012,1,F,9,14:54,Mo,NA,NA,NA,1
13-01-2012,1,F,9,14:55,Fe,K ,SB,10,5
13-01-2012,1,F,9,15:00,Fe,K ,SB,10,0
14-01-2012,1,F,10,08:00,Fe,K,SB,11,14
14-01-2012,1,F,10,08:14,Mo,NA,NA,NA,1
14-01-2012,1,F,10,08:15,Re,NA,NA,NA,1
14-01-2012,1,F,10,08:16,Fe,K,SB,10,9
14-01-2012,1,F,10,08:25,Re,NA,NA,NA,1
14-01-2012,1,F,10,08:26,Ot,NA,NA,NA,1
14-01-2012,1,F,10,08:27,Mo,NA,NA,NA,5
14-01-2012,1,F,10,08:32,Fe,BD,UF,3,28
14-01-2012,1,M,10,09:30,Fe,BD,UF,3,9
14-01-2012,1,M,10,09:39,Re,NA,NA,NA,2
14-01-2012,1,M,10,09:41,Ot,NA,NA,NA,1
14-01-2012,1,M,10,09:42,Re,NA,NA,NA,4
14-01-2012,1,M,10,09:46,Ot,NA,NA,NA,1
14-01-2012,1,M,10,09:47,Mo,NA,NA,NA,1
14-01-2012,1,M,10,09:48,Re,NA,NA,NA,3
14-01-2012,1,M,10,09:51,Fe,BD,UF,3,21
14-01-2012,1,M,10,10:12,Re,NA,NA,NA,3
14-01-2012,1,M,10,10:15,Ot,NA,NA,NA,2
14-01-2012,1,M,10,10:17,Mo,NA,NA,NA,3
14-01-2012,1,M,10,10:20,Re,NA,NA,NA,6
14-01-2012,1,M,10,10:26,Ot,NA,NA,NA,1
14-01-2012,1,M,10,10:27,Re,NA,NA,NA,3
14-01-2012,1,F,10,10:45,Fe,BK,ML,???,10
14-01-2012,1,F,10,10:55,Re,NA,NA,NA,3
14-01-2012,1,F,10,10:58,Fe,BK,ML,???,21
14-01-2012,1,F,10,11:19,Mo,NA,NA,NA,3
14-01-2012,1,F,10,11:22,Re,NA,NA,NA,2
14-01-2012,1,F,10,11:24,Ot,NA,NA,NA,5
14-01-2012,1,F,10,11:29,Re,NA,NA,NA,9
14-01-2012,1,F,10,11:38,Ot,NA,NA,NA,7
14-01-2012,1,M,10,12:00,Mo,NA,NA,NA,6
14-01-2012,1,M,10,12:06,Fe,DI,RF,8,40
14-01-2012,1,M,10,12:46,Mo,NA,NA,NA,1
14-01-2012,1,M,10,12:47,Re,NA,NA,NA,13
14-01-2012,1,M,10,13:00,Re,NA,NA,NA,0
16-01-2012,1,M,11,09:10,Fe,K,SB,1,11
16-01-2012,1,M,11,09:21,Mo,NA,NA,NA,1
16-01-2012,1,M,11,09:22,Fe,K,SB,1,15
16-01-2012,1,M,11,09:37,Re,NA,NA,NA,2
16-01-2012,1,M,11,09:39,Mo,NA,NA,NA,1
16-01-2012,1,M,11,09:40,Re,NA,NA,NA,2
16-01-2012,1,M,11,09:42,Fe,paroli,ML,????,7
16-01-2012,1,M,11,09:49,Mo,NA,NA,NA,1
16-01-2012,1,M,11,09:50,Re,NA,NA,NA,3
16-01-2012,1,M,11,09:53,Ot,NA,NA,NA,1
16-01-2012,1,M,11,09:54,Re,NA,NA,NA,3
16-01-2012,1,M,11,09:57,Ot,NA,NA,NA,1
16-01-2012,1,M,11,09:58,Mo,NA,NA,NA,3
16-01-2012,1,M,11,10:01,Fe,BD,UF,3,9
16-01-2012,1,F,11,10:15,Fe,BD,UF,3,11
16-01-2012,1,F,11,10:26,Re,NA,NA,NA,2
16-01-2012,1,F,11,10:28,Ot,NA,NA,NA,1
16-01-2012,1,F,11,10:29,Mo,NA,NA,NA,2
16-01-2012,1,F,11,10:31,Re,NA,NA,NA,2
16-01-2012,1,F,11,10:33,Ot,NA,NA,NA,7
16-01-2012,1,F,11,10:40,Re,NA,NA,NA,11
16-01-2012,1,F,11,10:51,Ot,NA,NA,NA,1
16-01-2012,1,F,11,10:52,Mo,NA,NA,NA,5
16-01-2012,1,F,11,10:57,Fe,BK,ML,???,18
16-01-2012,1,F,11,11:15,Fe,BK,ML,???,60
16-01-2012,1,M,11,12:45,Re,NA,NA,NA,4
16-01-2012,1,M,11,12:49,Ot,NA,NA,NA,8
16-01-2012,1,M,11,12:57,Re,NA,NA,NA,7
16-01-2012,1,M,11,13:04,Ot,NA,NA,NA,1
16-01-2012,1,M,11,13:05,Mo,NA,NA,NA,2
16-01-2012,1,M,11,13:07,Re,NA,NA,NA,1
16-01-2012,1,M,11,13:08,Fe,BD,UF,NA,27
16-01-2012,1,M,11,13:35,Re,NA,NA,NA,10
16-01-2012,1,M,11,13:45,Re,NA,NA,NA,0
17-01-2012,1,F,12,08:10,Fe,DI,RF,????,13
17-01-2012,1,F,12,08:23,Mo,NA,NA,NA,1
17-01-2012,1,F,12,08:24,Re,NA,NA,NA,1
17-01-2012,1,F,12,08:25,Fe,DI,RF,NA,45
17-01-2012,1,F,12,09:10,Fe,DI,RF,NA,60
17-01-2012,1,M,12,11:30,Fe,MP,ML,NA,11
17-01-2012,1,M,12,11:41,Mo,NA,NA,NA,1
17-01-2012,1,M,12,11:42,Re,NA,NA,NA,1
17-01-2012,1,M,12,11:43,Fe,MP,ML,NA,4
17-01-2012,1,M,12,11:47,Re,NA,NA,NA,15
17-01-2012,1,M,12,12:02,Ot,NA,NA,NA,1
17-01-2012,1,M,12,12:03,Mo,NA,NA,NA,2
17-01-2012,1,M,12,12:05,Re,NA,NA,NA,25
17-01-2012,1,M,12,12:30,Re,NA,NA,NA,0
18-01-2012,1,M,13,09:05,Fe,K,B,NA,16
18-01-2012,1,M,13,09:21,Re,NA,NA,NA,2
18-01-2012,1,M,13,09:23,Mo,NA,NA,NA,1
18-01-2012,1,M,13,09:24,Fe,ML ,TL,NA,17
18-01-2012,1,M,13,09:41,Fe,K,SB,10,17
18-01-2012,1,M,13,09:58,Mo,NA,NA,NA,1
18-01-2012,1,M,13,09:59,Re,NA,NA,NA,6
18-01-2012,1,F,13,10:10,Re,NA,NA,NA,8
18-01-2012,1,F,13,10:18,Ot,NA,NA,NA,1
18-01-2012,1,F,13,10:19,Re,NA,NA,NA,12
18-01-2012,1,F,13,10:31,Ot,NA,NA,NA,1
18-01-2012,1,F,13,10:32,Re,NA,NA,NA,38
18-01-2012,1,F,13,11:10,Re,NA,NA,NA,0
21-01-2012,1,M,14,09:00,Fe,K,SB,10,13
21-01-2012,1,M,14,09:13,Mo,NA,NA,NA,1
21-01-2012,1,M,14,09:14,Fe,K,SB,10,46
21-01-2012,1,F,14,10:10,Fe,K,SB,10,12
21-01-2012,1,F,14,10:22,Mo,NA,NA,NA,3
21-01-2012,1,F,14,10:25,Fe,BD,UF,3,33
21-01-2012,1,F,14,10:58,Re,NA,NA,NA,12
21-01-2012,1,M,14,11:15,Mo,NA,NA,NA,3
21-01-2012,1,M,14,11:18,Fe,HC,Sp,1,15
21-01-2012,1,M,14,11:33,Mo,NA,NA,NA,1
21-01-2012,1,M,14,11:34,Fe,Haldi Chapa,Sp,1,29
21-01-2012,1,M,14,12:03,Mo,NA,NA,NA,1
21-01-2012,1,M,14,12:04,Fe,Haldi Chapa,Sp,1,11
21-01-2012,1,F,14,12:30,Mo,NA,NA,NA,2
21-01-2012,1,F,14,12:32,Re,NA,NA,NA,5
21-01-2012,1,F,14,12:37,Ot,NA,NA,NA,1
21-01-2012,1,F,14,12:38,Re,NA,NA,NA,1
21-01-2012,1,F,14,12:39,Ot,NA,NA,NA,9
21-01-2012,1,F,14,12:48,Re,NA,NA,NA,3
21-01-2012,1,F,14,12:51,Ot,NA,NA,NA,1
21-01-2012,1,F,14,12:52,Re,NA,NA,NA,2
21-01-2012,1,F,14,12:54,Ot,NA,NA,NA,5
21-01-2012,1,F,14,12:59,Re,NA,NA,NA,25
21-01-2012,1,F,14,13:24,Ot,NA,NA,NA,1
21-01-2012,1,F,14,13:25,Mo,NA,NA,NA,5
21-01-2012,1,F,14,13:30,Re,NA,NA,NA,0
26-01-2012,1,M,15,09:45,Fe,Jori,Fr,10,60
26-01-2012,1,M,15,10:45,Fe,Jori,Fr,10,45
26-01-2012,1,M,15,11:30,Fe,K,SB,10,10
26-01-2012,1,M,15,11:40,Fe,TL,Fr,12,5
26-01-2012,1,M,15,12:00,Fe,TL,Fr,12,1
26-01-2012,1,M,15,12:01,Mo,NA,NA,NA,5
26-01-2012,1,M,15,12:06,Fe,BD,UF,3,36
26-01-2012,1,M,15,12:42,Mo,NA,NA,NA,1
26-01-2012,1,M,15,12:43,Fe,TL,Ml,NA,8
26-01-2012,1,M,15,12:51,Mo,NA,NA,NA,1
26-01-2012,1,M,15,12:52,Re,NA,NA,NA,2
26-01-2012,1,M,15,12:54,Mo,NA,NA,NA,1
26-01-2012,1,M,15,12:55,Re,NA,NA,NA,3
26-01-2012,1,M,15,12:58,Mo,NA,NA,NA,2
26-01-2012,1,M,15,13:05,Fe,BD,UF,NA,60
26-01-2012,1,M,15,14:10,Fe,K,SB,NA,45
26-01-2012,1,M,15,14:55,Re,NA,NA,NA,3
26-01-2012,1,M,15,14:58,Mo,NA,NA,NA,3
26-01-2012,1,M,15,15:01,Fe,BD,UF,3,9
26-01-2012,1,M,15,15:10,Fe,BD,UF,3,0
27-01-2012,2,M,16,08:35,Fe,GH,pet,10,17
27-01-2012,2,M,16,08:52,Mo,NA,NA,NA,1
27-01-2012,2,M,16,08:53,Fe,GH,pet,10,27
27-01-2012,2,M,16,09:20,Re,NA,NA,NA,5
27-01-2012,2,M,16,09:25,Mo,NA,NA,NA,1
27-01-2012,2,M,16,09:26,Fe,MU,ML,15,9
27-01-2012,2,F,16,09:40,Fe,MU,ML,15,55
27-01-2012,2,F,16,10:35,Re,NA,NA,NA,4
27-01-2012,2,F,16,10:39,Mo,NA,NA,NA,1
27-01-2012,2,F,16,10:45,Fe,UK TRee,Sp,10,60
27-01-2012,2,M,16,11:50,Fe,MU,ML,12,28
27-01-2012,2,M,16,12:18,Mo,NA,NA,NA,1
27-01-2012,2,M,16,12:19,Re,NA,NA,NA,31
27-01-2012,2,F,16,12:55,Re,NA,NA,NA,10
27-01-2012,2,F,16,13:05,Ot,NA,NA,NA,13
27-01-2012,2,F,16,13:18,Re,NA,NA,NA,27
27-01-2012,2,F,16,13:45,Ot,NA,NA,NA,10
27-01-2012,2,F,16,13:55,Fe,Li Augur,Sp,10,49
27-01-2012,2,F,16,14:44,Mo,NA,NA,NA,3
27-01-2012,2,F,16,14:47,Fe,FG,UF,12,8
28-01-2012,2,M,17,08:10,Fe,LH,YL,8,43
28-01-2012,2,M,17,08:53,Mo,NA,NA,NA,2
28-01-2012,2,M,17,08:55,Fe,GH,pet,10,15
28-01-2012,2,F,17,09:15,Fe,GH,pet,7,24
28-01-2012,2,F,17,09:39,Mo,NA,NA,NA,5
28-01-2012,2,F,17,09:44,Fe,DI,RF,10,31
28-01-2012,2,M,17,10:20,Fe,FG,UF,12,42
28-01-2012,2,M,17,11:02,Mo,NA,NA,NA,2
28-01-2012,2,M,17,11:04,Re,NA,NA,NA,5
28-01-2012,2,M,17,11:09,Ot,NA,NA,NA,2
28-01-2012,2,M,17,11:11,Re,NA,NA,NA,2
28-01-2012,2,M,17,11:13,Mo,NA,NA,NA,2
28-01-2012,2,M,17,11:15,Fe,MJ,ML,NA,5
28-01-2012,2,M,17,11:20,Fe,MJ,ML,NA,0
31-01-2012,1,M,18,11:00,Fe,K,SB,10,27
31-01-2012,1,M,18,11:27,Re,NA,NA,NA,8
31-01-2012,1,M,18,11:35,Ot,NA,NA,NA,2
31-01-2012,1,M,18,11:37,Mo,NA,NA,NA,1
31-01-2012,1,M,18,11:38,Fe,UK TRee,Sp,NA,22
31-01-2012,1,F,18,12:05,Fe,PA,UF,NA,42
31-01-2012,1,F,18,12:47,Mo,NA,NA,NA,1
31-01-2012,1,F,18,12:48,Re,NA,NA,NA,2
31-01-2012,1,F,18,12:50,Mo,NA,NA,NA,1
31-01-2012,1,F,18,12:51,Re,NA,NA,NA,14
31-01-2012,1,F,18,13:10,Re,NA,NA,NA,3
31-01-2012,1,F,18,13:13,Ot,NA,NA,NA,10
31-01-2012,1,F,18,13:23,Re,NA,NA,NA,15
31-01-2012,1,F,18,13:38,Mo,NA,NA,NA,3
31-01-2012,1,F,18,13:41,Fe,K,pet,10,29
31-01-2012,1,M,18,14:15,Fe,BD,UF,3,22
31-01-2012,1,M,18,14:37,Mo,NA,NA,NA,1
31-01-2012,1,M,18,14:38,Fe,BD,UF,NA,31
31-01-2012,1,M,18,15:09,Re,NA,NA,NA,6
31-01-2012,1,M,18,15:15,Re,NA,NA,NA,0
01-02-2012,1,M,19,10:35,Fe,K,pet,12,23
01-02-2012,1,M,19,10:58,Mo,NA,NA,NA,1
01-02-2012,1,M,19,10:59,Fe,K,SB,12,33
01-02-2012,1,M,19,11:32,Re,NA,NA,NA,3
01-02-2012,1,F,19,11:40,Fe,K,SB,NA,46
01-02-2012,1,F,19,12:26,Re,NA,NA,NA,4
01-02-2012,1,F,19,12:30,Ot,NA,NA,NA,1
01-02-2012,1,F,19,12:31,Mo,NA,NA,NA,5
01-02-2012,1,F,19,12:36,Fe,BD,UF,NA,4
01-02-2012,1,F,19,12:50,Mo,NA,NA,NA,4
01-02-2012,1,F,19,12:54,Fe,GA,ML,NA,23
01-02-2012,1,F,19,13:17,Mo,NA,NA,NA,2
01-02-2012,1,F,19,13:19,Re,NA,NA,NA,27
01-02-2012,1,F,19,13:46,Ot,NA,NA,NA,4
01-02-2012,1,M,19,14:00,Fe,FG,UF,10,26
01-02-2012,1,M,19,14:26,Re,NA,NA,NA,18
01-02-2012,1,M,19,14:44,Mo,NA,NA,NA,4
01-02-2012,1,M,19,14:48,Fe,GH,pet,10,12
01-02-2012,1,M,19,15:00,Fe,GH,pet,NA,0
02-02-2012,1,M,20,09:55,Fe,FG,UF,10,49
02-02-2012,1,M,20,10:44,Mo,NA,NA,NA,1
02-02-2012,1,M,20,10:45,Re,NA,NA,NA,3
02-02-2012,1,M,20,10:48,Fe,FG,UF,10,7
02-02-2012,1,F,20,11:00,Fe,FG,UF,10,51
02-02-2012,1,F,20,11:51,Re,NA,NA,NA,3
02-02-2012,1,F,20,11:54,Ot,NA,NA,NA,2
02-02-2012,1,F,20,11:56,Fe,BD,YL,3,4
02-02-2012,1,M,20,12:10,Fe,BD,UF,3,53
02-02-2012,1,M,20,13:03,Re,NA,NA,NA,4
02-02-2012,1,M,20,13:07,Mo,NA,NA,NA,1
02-02-2012,1,M,20,13:08,Re,NA,NA,NA,2
02-02-2012,1,F,20,13:15,Fe,BD,UF,NA,53
02-02-2012,1,F,20,14:08,Re,NA,NA,NA,7
02-02-2012,1,F,20,14:15,Re,NA,NA,NA,0
03-02-2012,1,F,21,09:45,Fe,Jori,UF,13,60
03-02-2012,1,M,21,10:55,Fe,Jori,UF,13,60
03-02-2012,1,F,21,12:00,Mo,NA,NA,NA,2
03-02-2012,1,F,21,12:02,Re,NA,NA,NA,28
03-02-2012,1,F,21,12:30,Ot,NA,NA,NA,20
03-02-2012,1,F,21,12:50,Re,NA,NA,NA,10
04-02-2012,1,F,22,13:05,Fe,Jori,UF,15,16
04-02-2012,1,F,22,13:21,Mo,NA,NA,NA,1
04-02-2012,1,F,22,13:22,Fe,Jori,UF,15,8
04-02-2012,1,F,22,13:30,Mo,NA,NA,NA,5
04-02-2012,1,F,22,13:35,Fe,K,pet,20,5
04-02-2012,1,F,22,13:40,Fe,K,SB,20,25
04-02-2012,1,M,22,14:10,Re,NA,NA,NA,21
04-02-2012,1,M,22,14:31,Ot,NA,NA,NA,5
04-02-2012,1,M,22,14:36,Re,NA,NA,NA,2
04-02-2012,1,M,22,14:38,Mo,NA,NA,NA,4
04-02-2012,1,M,22,14:42,Re,NA,NA,NA,5
04-02-2012,1,M,22,14:47,Fe,H Chapa,Sp,NA,2
04-02-2012,1,M,22,14:49,Mo,NA,NA,NA,3
04-02-2012,1,M,22,14:52,Re,NA,NA,NA,4
04-02-2012,1,M,22,14:56,Fe,KC,Fl,NA,14
04-02-2012,1,F,22,15:15,Fe,KC,Fl,NA,10
04-02-2012,1,F,22,15:25,Mo,NA,NA,NA,6
04-02-2012,1,F,22,15:31,Fe,BD,UF,NA,12
04-02-2012,1,F,22,15:43,Mo,NA,NA,NA,1
04-02-2012,1,F,22,15:44,Fe,BD,UF,NA,31
04-02-2012,1,F,22,16:15,Fe,BD,UF,NA,0
05-02-2012,1,M,23,06:35,Fe,K,pet,10,60
05-02-2012,1,F,23,07:40,Fe,Li,Ml,5,15
05-02-2012,1,F,23,07:55,Re,NA,NA,NA,8
05-02-2012,1,F,23,08:03,Ot,NA,NA,NA,6
05-02-2012,1,F,23,08:09,Re,NA,NA,NA,2
05-02-2012,1,F,23,08:11,Mo,NA,NA,NA,3
05-02-2012,1,F,23,08:14,Fe,BD,UF,3,23
05-02-2012,1,F,23,08:37,Re,NA,NA,NA,1
05-02-2012,1,F,23,08:38,Mo,NA,NA,NA,2
05-02-2012,1,F,23,08:45,Fe,KC,FL,20,31
05-02-2012,1,F,23,09:16,Mo,NA,NA,NA,1
05-02-2012,1,F,23,09:17,Re,NA,NA,NA,1
05-02-2012,1,F,23,09:18,Mo,NA,NA,NA,6
05-02-2012,1,F,23,09:24,Fe,Jori,NA,18,21
05-02-2012,1,M,23,09:50,Fe,Jori,NA,10,6
05-02-2012,1,M,23,09:56,Mo,NA,NA,NA,4
05-02-2012,1,M,23,10:00,Re,NA,NA,NA,1
05-02-2012,1,M,23,10:01,Mo,NA,NA,NA,6
05-02-2012,1,M,23,10:07,Fe,MU,YL,NA,14
05-02-2012,1,M,23,10:21,Mo,NA,NA,NA,2
05-02-2012,1,M,23,10:23,Fe,Bhomlati,Ml,10,27
05-02-2012,1,F,23,10:55,Mo,NA,NA,NA,5
05-02-2012,1,F,23,11:00,Re,NA,NA,NA,1
05-02-2012,1,F,23,11:01,Mo,NA,NA,NA,1
05-02-2012,1,F,23,11:02,Fe,Mik,ML,NA,53
05-02-2012,1,F,23,12:00,Fe,SM,YL,NA,16
05-02-2012,1,F,23,12:16,Mo,NA,NA,NA,4
05-02-2012,1,F,23,12:20,Fe,K,SB,NA,40
05-02-2012,1,M,23,13:10,Fe,K,SB,NA,27
05-02-2012,1,M,23,13:37,Mo,NA,NA,NA,5
05-02-2012,1,M,23,13:42,Re,NA,NA,NA,1
05-02-2012,1,M,23,13:43,Mo,NA,NA,NA,1
05-02-2012,1,M,23,13:44,Fe,DI,RF,3,15
05-02-2012,1,M,23,13:59,Mo,NA,NA,NA,3
05-02-2012,1,M,23,14:02,Re,NA,NA,NA,1
05-02-2012,1,M,23,14:03,Mo,NA,NA,NA,1
05-02-2012,1,M,23,14:04,Re,NA,NA,NA,6
05-02-2012,1,F,23,14:15,Fe,BD,UF,3,27
05-02-2012,1,F,23,14:42,Re,NA,NA,NA,26
05-02-2012,1,F,23,15:08,Mo,NA,NA,NA,3
05-02-2012,1,F,23,15:11,Fe,BG,ML,NA,4
05-02-2012,1,F,23,15:15,Fe,BG,ML,NA,0
04-03-2012,1,F,24,11:00,Re,NA,NA,NA,10
04-03-2012,1,F,24,11:10,Mo,NA,NA,NA,2
04-03-2012,1,F,24,11:12,Re,NA,NA,NA,1
04-03-2012,1,F,24,11:13,Ot,NA,NA,NA,7
04-03-2012,1,F,24,11:20,Re,NA,NA,NA,11
04-03-2012,1,F,24,11:31,Ot,NA,NA,NA,6
04-03-2012,1,F,24,11:37,Re,NA,NA,NA,15
04-03-2012,1,F,24,11:52,Mo,NA,NA,NA,1
04-03-2012,1,F,24,11:53,Re,NA,NA,NA,2
04-03-2012,1,F,24,11:55,Fe,LO,ML,NA,5
04-03-2012,1,M,24,12:00,Re,NA,NA,NA,25
04-03-2012,1,M,24,12:25,Mo,NA,NA,NA,3
04-03-2012,1,M,24,12:28,Fe,LP,ML,20,5
04-03-2012,1,M,24,12:33,Fe,GL,ML,25,22
04-03-2012,1,M,24,12:55,Mo,NA,NA,NA,3
04-03-2012,1,M,24,12:58,Re,NA,NA,NA,2
04-03-2012,1,F,24,13:00,Mo,NA,NA,NA,5
04-03-2012,1,F,24,13:05,Fe,GL,ML,NA,3
04-03-2012,1,F,24,13:08,Mo,NA,NA,NA,12
04-03-2012,1,F,24,13:20,Fe,GL,ML,NA,29
04-03-2012,1,F,24,13:49,Re,NA,NA,NA,8
04-03-2012,1,F,24,13:57,Fe,LO,ML,NA,3
04-03-2012,1,F,24,14:00,Fe,LO,ML,NA,0
05-03-2012,1,F,25,09:20,Fe,LP,ML,25,8
05-03-2012,1,F,25,09:28,Mo,NA,NA,NA,2
05-03-2012,1,F,25,09:30,Re,NA,NA,NA,3
05-03-2012,1,F,25,09:33,Mo,NA,NA,NA,2
05-03-2012,1,F,25,09:35,Fe,GL,ML,NA,16
05-03-2012,1,F,25,09:51,Re,NA,NA,NA,14
05-03-2012,1,F,25,10:05,Mo,NA,NA,NA,1
05-03-2012,1,F,25,10:06,Fe,LO,ML,NA,14
05-03-2012,1,F,25,10:20,Fe,LP,ML,NA,17
05-03-2012,1,F,25,10:37,Mo,NA,NA,NA,1
05-03-2012,1,F,25,10:38,Re,NA,NA,NA,13
05-03-2012,1,F,25,10:51,Mo,NA,NA,NA,7
05-03-2012,1,F,25,10:58,Fe,Honoalu,Fr,NA,22
05-03-2012,1,M,25,11:20,Fe,Honoalu,Fr,NA,38
05-03-2012,1,M,25,11:58,Mo,NA,NA,NA,3
05-03-2012,1,M,25,12:01,Re,NA,NA,NA,12
05-03-2012,1,M,25,12:13,Mo,NA,NA,NA,7
05-03-2012,1,F,25,12:20,Mo,NA,NA,NA,6
05-03-2012,1,F,25,12:26,Re,NA,NA,NA,30
05-03-2012,1,F,25,12:56,Ot,NA,NA,NA,6
05-03-2012,1,F,25,13:02,Re,NA,NA,NA,2
05-03-2012,1,F,25,13:04,Ot,NA,NA,NA,11
05-03-2012,1,F,25,13:15,Re,NA,NA,NA,1
05-03-2012,1,F,25,13:16,Ot,NA,NA,NA,1
05-03-2012,1,F,25,13:17,Re,NA,NA,NA,3
05-03-2012,1,M,25,13:20,Re,NA,NA,NA,13
05-03-2012,1,M,25,13:33,Mo,NA,NA,NA,5
05-03-2012,1,M,25,13:38,Fe,LP,ML,25,26
05-03-2012,1,M,25,14:04,Re,NA,NA,NA,10
05-03-2012,1,M,25,14:14,Mo,NA,NA,NA,6
05-03-2012,1,M,25,14:20,Re,NA,NA,NA,0
13-03-2012,2,F,26,09:50,Fe,LP,ML,30,47
13-03-2012,2,F,26,10:37,Mo,NA,NA,NA,9
13-03-2012,2,F,26,10:46,Fe,LP,ML,30,4
13-03-2012,2,M,26,11:00,Re,NA,NA,NA,10
13-03-2012,2,M,26,11:10,Ot,NA,NA,NA,2
13-03-2012,2,M,26,11:12,Fe,FG,YL,NA,19
13-03-2012,2,M,26,11:31,Mo,NA,NA,NA,2
13-03-2012,2,M,26,11:33,Fe,FG,YL,NA,22
13-03-2012,2,M,26,11:55,Mo,NA,NA,NA,5
13-03-2012,2,F,26,12:10,Re,NA,NA,NA,3
13-03-2012,2,F,26,12:13,Ot,NA,NA,NA,13
13-03-2012,2,F,26,12:26,Re,NA,NA,NA,44
13-03-2012,2,M,26,13:20,Re,NA,NA,NA,16
13-03-2012,2,M,26,13:36,Mo,NA,NA,NA,4
13-03-2012,2,M,26,13:40,Re,NA,NA,NA,20
13-03-2012,2,M,26,14:00,Mo,NA,NA,NA,1
13-03-2012,2,M,26,14:01,Fe,BG,ML,NA,9
13-03-2012,2,M,26,14:10,Mo,NA,NA,NA,2
13-03-2012,2,M,26,14:12,Re,NA,NA,NA,1
13-03-2012,2,M,26,14:13,Fe,FG,YL,NA,7
13-03-2012,2,M,26,14:20,Fe,FG,YL,NA,0
14-03-2012,2,M,27,10:50,Re,NA,NA,NA,22
14-03-2012,2,M,27,11:12,Mo,NA,NA,NA,1
14-03-2012,2,M,27,11:13,Re,NA,NA,NA,9
14-03-2012,2,M,27,11:22,Mo,NA,NA,NA,9
14-03-2012,2,M,27,11:31,Re,NA,NA,NA,3
14-03-2012,2,M,27,11:34,Mo,NA,NA,NA,10
14-03-2012,2,M,27,11:44,Fe,Amorie,Fr,NA,6
14-03-2012,2,F,27,12:00,Mo,NA,NA,NA,19
14-03-2012,2,F,27,12:19,Re,NA,NA,NA,7
14-03-2012,2,F,27,12:26,Mo,NA,NA,NA,1
14-03-2012,2,F,27,12:27,Fe,BG,ML,3,4
14-03-2012,2,F,27,12:31,Mo,NA,NA,NA,16
14-03-2012,2,F,27,12:47,Re,NA,NA,NA,9
14-03-2012,2,F,27,12:56,Fe,GL,ML,30,4
14-03-2012,2,M,27,13:20,Re,NA,NA,NA,44
14-03-2012,2,M,27,14:04,Ot,NA,NA,NA,9
14-03-2012,2,M,27,14:13,Re,NA,NA,NA,7
14-03-2012,2,M,27,14:20,Re,NA,NA,NA,0
21-03-2012,2,M,28,07:30,Mo,NA,NA,NA,17
21-03-2012,2,M,28,07:47,Fe,BD,UF,3,20
21-03-2012,2,M,28,08:07,Mo,NA,NA,NA,1
21-03-2012,2,M,28,08:08,Re,NA,NA,NA,1
21-03-2012,2,M,28,08:09,Mo,NA,NA,NA,1
21-03-2012,2,M,28,08:10,Fe,JL,YL,25,4
21-03-2012,2,M,28,08:14,Mo,NA,NA,NA,8
21-03-2012,2,M,28,08:22,Fe,JL,YL,25,6
21-03-2012,2,M,28,08:28,Mo,NA,NA,NA,1
21-03-2012,2,M,28,08:29,Re,NA,NA,NA,1
21-03-2012,2,F,28,08:40,Fe,LP,ML,20,21
21-03-2012,2,F,28,09:01,Mo,NA,NA,NA,1
21-03-2012,2,F,28,09:02,Re,NA,NA,NA,1
21-03-2012,2,F,28,09:03,Fe,TL,ML,10,8
21-03-2012,2,F,28,09:11,Re,NA,NA,NA,4
21-03-2012,2,F,28,09:15,Mo,NA,NA,NA,2
21-03-2012,2,F,28,09:17,Re,NA,NA,NA,1
21-03-2012,2,F,28,09:18,Fe,FG,UF,30,22
21-03-2012,2,M,28,09:50,Mo,NA,NA,NA,4
21-03-2012,2,M,28,09:54,Re,NA,NA,NA,5
21-03-2012,2,M,28,09:59,Mo,NA,NA,NA,4
21-03-2012,2,M,28,10:03,Fe,SM,ML,20,40
21-03-2012,2,M,28,10:43,Re,NA,NA,NA,7
21-03-2012,2,F,28,11:00,Re,NA,NA,NA,15
21-03-2012,2,F,28,11:15,Ot,NA,NA,NA,6
21-03-2012,2,F,28,11:21,Re,NA,NA,NA,26
21-03-2012,2,F,28,11:47,Mo,NA,NA,NA,10
21-03-2012,2,F,28,11:57,Re,NA,NA,NA,3
21-03-2012,2,F,28,12:00,Re,NA,NA,NA,0
