slno,tofro,via,date,total,type
AI0000092,BLR Y HYD,,04-Apr-13,4972,Air
AI0000092,HYD Y BLR,,04-Apr-13,5022,Air
AI0000145,BLR Y BOM,,03-Apr-13,6237,Air
AI0000145,BOM Y BLR,,05-Apr-13,8297,Air
AI0000187,BLR Y BOM,,06-Apr-13,6114,Air
AI0000187,BOM Y BLR,,05-Apr-13,6328,Air
AI0000413,BLR Y PNQ,,05-Apr-13,4732,Air
AI0000413,PNQ Y BLR,,05-Apr-13,4702,Air
AI0000415,BLR Y DEL,,04-Apr-13,11040,Air
RA0000001,BLR y MAA,,17-Apr-13,749,Rail
RA0000001,MAA Y BLR,,18-Apr-13,268,Rail
AI0000499,BOM Y BLR,,05-Apr-13,6682,Air
RA0000003,MAA Y BLR,,18-Apr-13,824,Rail
RA0000004,BLR y MAA,,24-Apr-13,954,Rail
RA0000004,MAA Y BLR,,26-Apr-13,824,Rail
AI0001213,IXC Y BOM,,09-Apr-13,8229,Air
AI0001386,DEL Y BLR,,10-Apr-13,9720,Air
AI0001442,BLR Y BOM,,09-Apr-13,6359,Air
AI0001442,BOM Y BLR,,09-Apr-13,6360,Air
RA0000005,BLR y MAA,,10-Apr-13,884,Rail
RA0000005,MAA Y BLR,,11-Apr-13,1504,Rail
RA0000006,MAA Y BLR,,18-Apr-13,824,Rail
RA0000007,BLR y MAA,,29-Apr-13,749,Rail
AI0001525,BLR Y BOM,,12-Apr-13,7512,Air
AI0002983,BOM y BLR,,12-Apr-13,6682,Air
AI0001564,BOM Y BLR,,11-Apr-13,7142,Air
AI0002274,BLR w BOM,,12-Apr-13,7829,Air
AI0002274,BOM u BLR,,15-Apr-13,7111,Air
AI0001702,AMD Y BOM,,16-Apr-13,4854,Air
AI0001702,BOM Y AMD,,15-Apr-13,5100,Air
AI0001739,BOM y BLR,,12-Apr-13,9877,Air
RA0000008,BLR y MAA,,24-Apr-13,749,Rail
RA0000008,MAA Y BLR,,25-Apr-13,824,Rail
AI0002098,BLR Y IXC,,17-Apr-13,9911,Air
AI0002098,IXC Y BLR,,17-Apr-13,9911,Air
AI0002098,BLR Y IXC,,17-Apr-13,9911,Air
AI0002098,IXC Y BLR,,17-Apr-13,9911,Air
AI0002098,BLR Y IXC,,17-Apr-13,9911,Air
AI0002098,IXC Y BLR,,17-Apr-13,9911,Air
AI0002276,BLR u BOM,,15-Apr-13,7028,Air
AI0002276,BOM u DEL,,18-Apr-13,9598,Air
AI0002361,DEL y CJB,,19-Apr-13,9704,Air
AI0002425,BLR Y BOM,,18-Apr-13,7028,Air
AI0002425,BOM Y BLR,,18-Apr-13,7120,Air
AI0002450,DEL Y BLR,,19-Apr-13,10099,Air
AI0003216,BOM Y HYD,,24-Apr-13,6331,Air
AI0003250,BLR y BOM,,23-Apr-13,6398,Air
AI0003540,BOM Y BLR,,04-May-13,9074,Air
AI0003543,BLR Y BOM,,04-May-13,7038,Air
AI0003589,HYD y BLR,,24-Apr-13,5089,Air
AI0003664,BOM Y DEL,,28-Apr-13,10538,Air
AI0003668,DEL Y BOM,,29-Apr-13,10315,Air
AI0003754,BLR h DEL,,29-Apr-13,11157,Air
AI0003755,DEL h BLR,,29-Apr-13,11017,Air
AI0003766,BLR Y BOM,,26-Apr-13,10522,Air
AI0003766,BOM Y BLR,,26-Apr-13,7111,Air
AI0003767,BLR Y BOM,,27-Apr-13,7056,Air
AI0003767,BOM Y BLR,,26-Apr-13,8966,Air
AI0003774,BOM Y BLR,,03-May-13,8834,Air
AI0003774,BLR Y BOM,,03-May-13,8835,Air
AI0003781,BLR Y BOM,,26-Apr-13,7671,Air
AI0003781,BOM Y BLR,,27-Apr-13,7163,Air
AI0004131,BLR Y BOM,,27-Apr-13,7028,Air
AI0004304,DEL y BLR,,30-Apr-13,9747,Air
AI0004304,BLR y DEL,,30-Apr-13,9748,Air
AI0004455,DEL y BLR,,02-May-13,9747,Air
AI0004455,BLR y DEL,,02-May-13,9748,Air
AI0004477,BLR Y BOM,,02-May-13,7671,Air
AI0004477,BOM Y BLR,,01-May-13,7201,Air
AI0004503,BLR Y BOM,,03-May-13,7671,Air
AI0004503,BOM Y BLR,,03-May-13,9074,Air
AI0004557,BLR Y BOM,,03-May-13,7671,Air
AI0004557,BOM Y BLR,,03-May-13,9074,Air
AI0004779,BLR Y BOM,,01-May-13,7671,Air
AI0004780,BLR y DEL,,03-May-13,9793,Air
AI0004782,BOM y BLR,,03-May-13,6948,Air
AI0004860,BLR Y BOM,,04-May-13,7056,Air
AI0004860,BOM Y BLR,,03-May-13,7754,Air
AI0004890,BLR y DEL,,06-May-13,9747,Air
AI0004890,DEL y BLR,,06-May-13,9748,Air
AI0004890,BLR y DEL,,06-May-13,9747,Air
AI0004890,DEL y BLR,,06-May-13,9748,Air
AI0004911,BLR Y BOM,,03-May-13,7671,Air
AI0004917,BLR Y BOM,,03-May-13,7671,Air
AI0004917,BOM Y BLR,,03-May-13,7163,Air
AI0004921,BLR Y DEL,,02-May-13,10426,Air
AI0004926,HYD Y BOM,,07-May-13,5244,Air
AI0004937,BOM Y BLR,,08-May-13,7201,Air
AI0004939,BLR Y HYD,,06-May-13,4955,Air
AI0004992,BLR y DEL,,04-May-13,9793,Air
AI0004956,BLR Y BOM,,03-May-13,7671,Air
AI0005032,BLR Y BOM,,07-May-13,7028,Air
AI0005032,BOM Y BLR,,06-May-13,7142,Air
AI0005116,BLR y DEL,,04-May-13,9793,Air
AI0005385,BLR Y BOM,,08-May-13,7671,Air
AI0005385,BOM Y BLR,,08-May-13,7754,Air
AI0005713,BLR y CCU,,17-May-13,9450,Air
AI0005714,CCU y BLR,,20-May-13,9425,Air
AI0005714,CCU y BLR,,20-May-13,9425,Air
AI0005995,BLR y DEL,,20-May-13,9747,Air
AI0005995,DEL y BLR,,20-May-13,9748,Air
AI0005928,BOM Y BLR,,17-May-13,7111,Air
AI0005979,BLR Y BOM,,11-May-13,7671,Air
AI0006094,BLR y BOM,,11-May-13,6812,Air
AI0006274,BLR Y DEL,,19-May-13,10555,Air
AI0006469,DEL y BLR,,20-May-13,9704,Air
AI0006445,BLR Y BOM,,17-May-13,7671,Air
AI0006531,BLR Y BOM,,15-May-13,7607,Air
AI0006531,BOM Y BLR,,16-May-13,7201,Air
AI0006762,BLR y DEL,,20-May-13,9747,Air
AI0006762,DEL y BLR,,20-May-13,9748,Air
AI0006991,BLR y DEL,,20-May-13,12030,Air
AI0006995,DEL y BLR,,23-May-13,9704,Air
AI0006997,BLR y DEL,,20-May-13,9747,Air
AI0006997,DEL y BLR,,20-May-13,9748,Air
AI0007000,BLR y DEL,,20-May-13,9747,Air
AI0007000,DEL y BLR,,20-May-13,9748,Air
AI0007006,BOM y BLR,,16-May-13,6993,Air
AI0007092,BOM Y BLR,,22-May-13,7201,Air
AI0007092,BLR Y BOM,,19-May-13,6973,Air
AI0007116,BOM y DEL,,19-May-13,9128,Air
AI0007116,DEL y BOM,,19-May-13,9129,Air
AI0007412,BLR Y BOM,,24-May-13,7671,Air
AI0007413,GOI Y BLR,,02-Jun-13,4180,Air
AI0007497,DEL u BOM,,20-May-13,9375,Air
AI0007507,DEL k BLR,,20-May-13,11154,Air
AI0007615,BLR h BOM,,24-May-13,7696,Air
AI0007616,BLR h BOM,,24-May-13,7696,Air
AI0007617,BOM h BLR,,24-May-13,8423,Air
AI0007618,BOM h BLR,,24-May-13,8423,Air
AI0007970,BLR y BOM,,28-May-13,6879,Air
AI0007970,BOM y BLR,,28-May-13,6879,Air
AI0007875,BLR Y BOM,,27-May-13,7671,Air
AI0007875,BOM Y BLR,,27-May-13,8303,Air
AI0008057,BLR Y BOM,,24-May-13,7671,Air
AI0008258,BLR Y HYD,,28-May-13,5099,Air
AI0008258,HYD Y BLR,,28-May-13,5100,Air
AI0008355,BOM Y BLR,,27-May-13,7193,Air
AI0008682,BOM h BLR,,31-May-13,7163,Air
AI0008683,BLR h BOM,,01-Jun-13,7671,Air
AI0008776,BOM Y BLR,,29-May-13,7755,Air
AI0008918,BLR Y BOM,,01-Jun-13,7284,Air
AI0008918,BOM Y BLR,,01-Jun-13,7284,Air
AI0008979,BOM Y BLR,,07-Jun-13,6130,Air
AI0008979,BLR Y BOM,,08-Jun-13,7038,Air
AI0009026,BOM Y BLR,,07-Jun-13,7121,Air
AI0009026,BLR Y BOM,,08-Jun-13,5960,Air
AI0009201,BLR Y BOM,,03-Jun-13,7672,Air
AI0009201,BOM Y BLR,,04-Jun-13,7201,Air
AI0009203,BLR Y BOM,,03-Jun-13,7672,Air
AI0009204,BLR Y BOM,,03-Jun-13,7672,Air
AI0009225,BLR Y BOM,,03-Jun-13,7672,Air
AI0009387,BOM y BLR,,04-Jun-13,6948,Air
AI0009388,BOM y BLR,,03-Jun-13,6948,Air
AI0009389,BOM y BLR,,04-Jun-13,6948,Air
AI0009429,BOM y BLR,,04-Jun-13,6948,Air
AI0009429,BOM y BLR,,04-Jun-13,6948,Air
AI0009429,BOM y BLR,,04-Jun-13,6948,Air
AI0009452,BOM Y BLR,,03-Jun-13,7111,Air
AI0009892,BLR Y BOM,,06-Jun-13,7045,Air
AI0009892,BOM Y BLR,,06-Jun-13,7045,Air
AI0009898,BLR Y BOM,,06-Jun-13,7045,Air
AI0009898,BOM Y BLR,,06-Jun-13,7045,Air
RA0000065,BLR Y MAA,,05-Jun-13,624,Rail
RA0000065,MAA Y BLR,,07-Jun-13,1505,Rail
AI0010084,BLR Y BOM,,10-Jun-13,7513,Air
AI0010084,BOM Y BLR,,11-Jun-13,7111,Air
AI0010086,BOM Y BLR,,10-Jun-13,7201,Air
AI0010086,BLR Y BOM,,10-Jun-13,7513,Air
AI0010575,BLR Y BOM,,11-Jun-13,7672,Air
AI0010575,BOM Y BLR,,11-Jun-13,7755,Air
AI0010576,BLR Y BOM,,11-Jun-13,7672,Air
AI0010613,BOM y BLR,,16-Jun-13,6948,Air
AI0011025,BLR Y BOM,,15-Jun-13,7056,Air
AI0011025,BOM Y BLR,,15-Jun-13,7755,Air
AI0011152,BOM Y BLR,,15-Jun-13,7117,Air
AI0011167,BLR Y BOM,,17-Jun-13,7672,Air
AI0011177,BOM y BLR,,17-Jun-13,6948,Air
AI0011694,BLR Y MAA,,15-Jun-13,4907,Air
AI0011327,MAA Y BLR,,15-Jun-13,4800,Air
AI0011352,BOM y BLR,,17-Jun-13,6948,Air
AI0011453,BLR l BOM,,17-Jun-13,11049,Air
AI0011854,BLR h BOM,,19-Jun-13,7671,Air
AI0012059,HYD Y BLR,,23-Jun-13,5206,Air
AI0012139,BLR Y BOM,,22-Jun-13,7672,Air
AI0012139,BOM Y BLR,,22-Jun-13,7117,Air
AI0012240,BLR h BOM,,24-Jun-13,7671,Air
AI0012241,BOM h BLR,,25-Jun-13,7163,Air
AI0012294,BLR u JDH,BOM,22-Jun-13,9691,Air
AI0012295,BLR u JDH,BOM,22-Jun-13,9816,Air
AI0012484,BLR Y BOM,,24-Jun-13,7028,Air
AI0012484,BOM Y BLR,,24-Jun-13,7202,Air
AI0012644,BLR Y BOM,,26-Jun-13,7028,Air
AI0012653,BOM y BLR,,30-Jun-13,6937,Air
AI0012792,BLR Y DEL,,28-Jun-13,10047,Air
AI0012792,DEL Y BLR,,28-Jun-13,11021,Air
AI0012978,BLR Y HYD,,28-Jun-13,4954,Air
AI0013059,BLR Y BOM,,28-Jun-13,5923,Air
AI0013302,DEL y BLR,,03-Jul-13,9694,Air
AI0013059,BOM Y BLR,,28-Jun-13,5923,Air
AI0013335,BOM Y BLR,,02-Jul-13,5861,Air
AI0013335,BLR Y BOM,,02-Jul-13,5861,Air
AI0013394,BOM Y BLR,,01-Jul-13,4430,Air
AI0013574,BOM Y BLR,,01-07-2013,4049,Air
AI0013623,ICN y PVG,,01-07-2013,16500,Air
AI0013630,YUL m ICN,PVG,01-07-2013,111103,Air
AI0013630,ICN m YYZ,PVG,01-07-2013,111104,Air
AI0013630,YYZ m YUL,,01-07-2013,0,Fill up
AI0014114,BLR Y BOM,,04-07-2013,3872,Air
AI0014114,BOM Y BLR,,04-07-2013,3320,Air
AI0014117,BLR Y BOM,,04-07-2013,3872,Air
AI0014117,BOM Y BLR,,04-07-2013,3320,Air
AI0014353,BLR y DEL,,04-07-2013,9781,Air
AI0014355,DEL y BLR,,04-07-2013,9737,Air
AI0014355,BLR y DEL,,04-07-2013,9737,Air
AI0014298,ICN y PVG,,05-07-2013,4810,Air
AI0014507,BOM Y BLR,,08-07-2013,3317,Air
AI0014572,BLR v BOM,,08-07-2013,5993,Air
AI0014573,BLR v BOM,,08-07-2013,5993,Air
AI0014591,BOM Y BLR,,08-07-2013,6130,Air
AI0014699,DEL y BLR,,08-07-2013,9694,Air
AI0014740,BLR Y BOM,,09-07-2013,3872,Air
AI0014879,BLR Y BOM,,10-07-2013,3243,Air
AI0014879,BOM Y BLR,,10-07-2013,3244,Air
AI0014885,BOM Y BLR,,10-07-2013,3316,Air
AI0014902,BLR y BOM,,10-07-2013,6801,Air
AI0015024,BLR Y BOM,,10-07-2013,3171,Air
AI0015024,BLR Y BOM,,10-07-2013,3171,Air
AI0015081,BOM y BLR,,10-07-2013,6937,Air
AI0015081,BOM y BLR,,10-07-2013,6937,Air
AI0015117,BOM n BLR,,11-07-2013,8401,Air
AI0015179,BLR u BOM,,11-07-2013,5598,Air
AI0015354,BLR Y BOM,,12-07-2013,3176,Air
AI0015354,BOM Y BLR,,12-07-2013,3143,Air
AI0015355,BLR y DEL,,12-07-2013,7187,Air
AI0015847,DEL Y BLR,,25-Jul-13,6936,Air
AI0015847,DEL Y BLR,,25-Jul-13,6936,Air
AI0015913,BLR Y BOM,,18-Jul-13,4081,Air
AI0015978,BLR Y BOM,,24-Jul-13,4081,Air
AI0015982,BOM Y DEL,,24-Jul-13,6083,Air
AI0016073,BLR Y DEL,,21-Jul-13,10026,Air
AI0016145,BLR y DEL,,25-Jul-13,8230,Air
AI0016398,BOM Y BLR,,20-Jul-13,3099,Air
AI0016524,BOM Y DEL,,24-Jul-13,5218,Air
AI0016535,DEL o BOM,,25-Jul-13,5859,Air
AI0016749,BLR Y BOM,,24-Jul-13,5676,Air
AI0016749,BOM Y BLR,,25-Jul-13,4217,Air
AI0016758,BLR Y BOM,,29-Jul-13,3129,Air
AI0016801,BLR Y DEL,,24-Jul-13,8781,Air
AI0016801,DEL Y BLR,,25-Jul-13,6529,Air
AI0016924,HYD Y BLR,,25-Jul-13,3739,Air
AI0016924,BLR Y HYD,,25-Jul-13,3740,Air
AI0016925,BLR Y BOM,,24-Jul-13,2878,Air
AI0016937,BLR Y BOM,,24-Jul-13,2859,Air
AI0016959,BOM Y BLR,,30-Jul-13,3999,Air
AI0016961,BOM Y BLR,,31-Jul-13,3630,Air
AI0017068,BLR Y HYD,,25-Jul-13,5247,Air
AI0017210,DEL v PNQ,,25-Jul-13,7715,Air
AI0017242,BOM Y BLR,,28-Jul-13,4100,Air
AI0017264,BOM Y AMD,,29-Jul-13,2412,Air
AI0017265,BLR Y BOM,,29-Jul-13,4681,Air
AI0017294,BLR Y BOM,,29-Jul-13,2866,Air
AI0017294,BOM Y BLR,,29-Jul-13,3042,Air
AI0017317,AMD o BLR,BOM,30-Jul-13,6122,Air
AI0017332,BLR Y BOM,,30-Jul-13,2959,Air
AI0017332,BOM Y BLR,,30-Jul-13,3023,Air
AI0017363,BLR Y AMD,,30-Jul-13,4814,Air
AI0017396,BLR Y BOM,,29-Jul-13,3129,Air
AI0017396,BOM Y BLR,,30-Jul-13,2994,Air
AI0017473,AMD Y BLR,,30-Jul-13,4731,Air
AI0017517,BOM Y BLR,,29-Jul-13,3073,Air
AI0017681,BLR Y BOM,,31-Jul-13,2950,Air
AI0017681,BOM Y BLR,,31-Jul-13,2951,Air
AI0017803,AMD y BLR,,30-Jul-13,8553,Air
AI0017812,BOM Y BLR,,30-Jul-13,3310,Air
AI0017868,BOM Y BLR,,31-Jul-13,2989,Air
AI0017869,BOM Y BLR,,31-Jul-13,4725,Air
AI0018091,DEL Y BLR,,08-Aug-13,6581,Air
AI0018174,BLR w BOM,,05-Aug-13,2858,Air
AI0018175,BLR w BOM,,05-Aug-13,2858,Air
AI0018177,BLR Y BOM,,12-Aug-13,3129,Air
AI0018177,BOM Y BLR,,12-Aug-13,2989,Air
AI0018522,BLR w SIN,,03-Aug-13,18987,Air
AI0018522,SIN w BLR,,03-Aug-13,18988,Air
AI0018521,BLR w SIN,,12-Aug-13,18893,Air
AI0018521,SIN w BLR,,12-Aug-13,18893,Air
AI0018500,BOM Y BLR,,05-Aug-13,4116,Air
AI0018526,BLR c BOM,,08-Aug-13,9735,Air
AI0018537,BOM Y BLR,,05-Aug-13,3310,Air
AI0018642,BLR Y DEL,,08-Aug-13,6669,Air
AI0019832,BOM v BLR,,08-Aug-13,6400,Air
AI0018730,CCU w BLR,,11-Aug-13,5269,Air
AI0018791,DEL Y BLR,,08-Aug-13,14013,Air
AI0018914,BLR w SYD,SIN,07-Aug-13,35250,Air
AI0018914,SYD w BLR,SIN,07-Aug-13,35250,Air
AI0018953,CCU Y BOM,,11-Aug-13,8157,Air
VI0001681,Business,,,8000,Visa
AI0019081,DXB w FRA,,17-Aug-13,0,Air
AI0019081,ZRH w HYD,DXB,10-Aug-13,43750,Air
AI0019081,HYD w DXB,DEL,10-Aug-13,43750,Air
AI0019159,BLR y BOM,,12-Aug-13,4851,Air
AI0019159,BOM y BLR,,12-Aug-13,4852,Air
AI0019182,BLR Y BOM,,12-Aug-13,2866,Air
AI0019204,BOM z YUL,CDG,13-Aug-13,71500,Air
AI0019204,YUL t CDG,JFK,13-Aug-13,71500,Air
AI0019204,CDG t BLR,,12-Oct-13,0,Air
AI0019241,BOM Y HYD,,11-Aug-13,18213,Air
AI0019242,BLR Y HYD,,11-Aug-13,4233,Air
AI0019242,HYD Y BLR,,12-Aug-13,3152,Air
AI0019243,HYD Y DEL,,13-Aug-13,5425,Air
AI0019244,BLR Y BOM,,11-Aug-13,5606,Air
AI0019361,HYD y BOM,,12-Aug-13,3814,Air
AI0019406,BLR w SIN,,13-Aug-13,1000,Air
AI0019406,SIN w BLR,,13-Aug-13,1000,Air
AI0019363,BLR y BOM,,12-Aug-13,4851,Air
AI0019363,BOM y BLR,,12-Aug-13,4852,Air
AI0019397,BOM Y BLR,,13-Aug-13,3953,Air
AI0019577,BLR Y BOM,,14-Aug-13,6160,Air
AI0019606,BOM y BLR,,15-Aug-13,4920,Air
AI0019649,BLR w BOM,,14-Aug-13,3015,Air
AI0019650,BOM w BLR,,14-Aug-13,3098,Air
AI0020110,HYD y BLR,,17-Aug-13,4020,Air
AI0020348,BOM Y BLR,,21-Aug-13,7434,Air
AI0020392,BLR t BOM,,20-Aug-13,4680,Air
AI0020687,BLR y BOM,,23-Aug-13,4785,Air
AI0020737,DEL y BOM,,21-Aug-13,6197,Air
AI0020738,BOM y BLR,,22-Aug-13,4920,Air
AI0020557,BLR h BOM,,21-Aug-13,7193,Air
AI0020558,BOM h BLR,,21-Aug-13,7276,Air
AI0020739,DEL y BOM,,21-Aug-13,6197,Air
AI0020692,BOM Y BLR,,21-Aug-13,6243,Air
AI0020985,BLR Y BOM,,08-Sep-13,2875,Air
AI0021089,BLR Y BOM,,27-Aug-13,4681,Air
AI0021089,BOM Y BLR,,29-Aug-13,3953,Air
AI0021399,BLR Y BOM,,29-Aug-13,4239,Air
AI0021399,BOM Y BLR,,30-Aug-13,4116,Air
AI0021436,BLR Y BOM,,28-Aug-13,3787,Air
AI0021437,BOM Y BLR,,28-Aug-13,5822,Air
AI0021625,BLR o BOM,,28-Aug-13,4238,Air
AI0021639,BLR v BOM,,28-Aug-13,6184,Air
AI0021639,BOM o BLR,,28-Aug-13,4346,Air
AI0021816,BLR y BOM,,29-Aug-13,4789,Air
AI0021816,BOM y BLR,,29-Aug-13,4789,Air
AI0021825,BLR u BOM,,28-Aug-13,5698,Air
AI0021640,BOM Y AMD,,29-Aug-13,3186,Air
AI0021817,BOM Y BLR,,29-Aug-13,5689,Air
AI0021857,BOM Y AMD,,30-Aug-13,2683,Air
AI0022072,AMD Y BLR,,30-Aug-13,4095,Air
AI0022073,HYD Y BLR,,30-Aug-13,5314,Air
AI0022099,BLR y HYD,,30-Aug-13,3706,Air
AI0022109,BLR y HYD,,30-Aug-13,3744,Air
AI0022108,DEL y BLR,,01-Sep-13,8185,Air
AI0022108,BLR y DEL,,01-Sep-13,8186,Air
AI0022183,BLR Y DEL,,09-Sep-13,6922,Air
AI0022247,BLR Y BOM,,05-Sep-13,3870,Air
AI0022247,BOM Y BLR,,05-Sep-13,3903,Air
AI0022260,HYD y BLR,,31-Aug-13,4020,Air
AI0022737,BLR e DEL,,06-Sep-13,5405,Air
AI0022904,BOM h DEL,,08-Sep-13,10054,Air
AI0022905,DEL h BOM,,09-Sep-13,10115,Air
AI0022969,BLR Y DEL,,06-Sep-13,10605,Air
AI0022974,BLR Y BOM,,06-Sep-13,7301,Air
AI0022974,BOM Y BLR,,06-Sep-13,7350,Air
AI0023029,BLR y DEL,,07-Sep-13,10202,Air
AI0023029,DEL y BLR,,07-Sep-13,10203,Air
AI0023205,BLR y BOM,,06-Sep-13,6957,Air
AI0023293,BLR y HYD,,10-Sep-13,5298,Air
AI0023293,HYD y BLR,,10-Sep-13,5299,Air
AI0023295,BLR y HYD,,10-Sep-13,5298,Air
AI0023295,HYD y BLR,,10-Sep-13,5299,Air
AI0023380,DEL y BOM,,11-Sep-13,9966,Air
AI0023380,BOM y DEL,,11-Sep-13,9966,Air
AI0023504,BLR Y BOM,,12-Sep-13,7405,Air
AI0023599,BLR Y BOM,,12-Sep-13,7405,Air
AI0023778,BOM Y BLR,,15-Oct-13,22732,Air
AI0023816,BLR Y BOM,,17-Sep-13,7374,Air
AI0023816,BOM Y BLR,,17-Sep-13,7374,Air
AI0023822,BLR y MAA,,16-Oct-13,5161,Air
AI0023923,DEL y BOM,,15-Sep-13,9966,Air
AI0023923,BOM y DEL,,15-Sep-13,9966,Air
AI0023982,BLR Y BOM,,17-Sep-13,7194,Air
AI0023986,BLR Y BOM,,18-Sep-13,7207,Air
AI0023986,BLR Y BOM,,18-Sep-13,7207,Air
AI0023990,BLR Y BOM,,19-Sep-13,6173,Air
AI0023994,BOM Y BLR,,21-Sep-13,6256,Air
AI0023994,BOM Y BLR,,21-Sep-13,6256,Air
AI0023996,BOM Y BLR,,22-Sep-13,6284,Air
AI0024028,BOM y BLR,,17-Sep-13,7226,Air
AI0024061,BOM v BLR,,21-Sep-13,6552,Air
AI0024079,BLR y AMD,,20-Sep-13,9477,Air
AI0024116,AMD v BLR,BOM,20-Sep-13,10337,Air
AI0024172,BLR Y BOM,,19-Sep-13,7374,Air
AI0024172,BOM Y BLR,,19-Sep-13,7374,Air
AI0024219,BOM w BLR,,13-Sep-13,8037,Air
AI0024434,BLR y DEL,,17-Sep-13,10668,Air
AI0024434,DEL y BLR,,17-Sep-13,10668,Air
AI0024437,BLR y DEL,,17-Sep-13,10668,Air
AI0024437,DEL y BLR,,17-Sep-13,10668,Air
AI0024603,BLR s BOM,,17-Sep-13,7145,Air
AI0024633,BOM y DEL,,16-Sep-13,10079,Air
AI0024636,BOM y BLR,,17-Sep-13,7351,Air
AI0024656,DEL y BLR,,18-Sep-13,10624,Air
AI0024656,DEL y BLR,,18-Sep-13,10624,Air
AI0024674,BOM y BLR,,20-Sep-13,7351,Air
AI0024865,BLR Y BOM,,19-Sep-13,7355,Air
AI0024865,BLR Y BOM,,19-Sep-13,7355,Air
AI0024866,BOM Y BLR,,20-Sep-13,7913,Air
AI0024937,BOM y BLR,,17-Sep-13,7351,Air
AI0024937,BOM y BLR,,17-Sep-13,7351,Air
AI0024938,BOM y BLR,,20-Sep-13,7351,Air
AI0024949,BOM Y BLR,,20-Sep-13,7913,Air
AI0024958,BLR y AMD,,20-Sep-13,9439,Air
AI0024958,AMD y BLR,,20-Sep-13,9439,Air
AI0025267,BOM Y BLR,,20-Sep-13,7447,Air
AI0025293,BLR y DEL,,02-Oct-13,10713,Air
AI0025294,BLR y DEL,,02-Oct-13,10668,Air
AI0025294,DEL y BLR,,02-Oct-13,10668,Air
AI0025315,BLR Y BOM,,23-Sep-13,7405,Air
AI0025315,BOM Y BLR,,23-Sep-13,7447,Air
AI0025613,BOM h BLR,,22-Sep-13,7487,Air
AI0025603,BOM y BLR,,22-Sep-13,7351,Air
AI0025662,BOM y BLR,,23-Sep-13,7237,Air
AI0025667,BOM s BLR,,25-Sep-13,7445,Air
AI0025668,BLR y BOM,,25-Sep-13,7040,Air
AI0025809,BLR Y MAA,,06-Oct-13,5042,Air
AI0025809,MAA Y BLR,,06-Oct-13,4873,Air
AI0025809,BLR Y MAA,,06-Oct-13,5042,Air
AI0025809,MAA Y BLR,,06-Oct-13,4873,Air
AI0026113,BLR y DEL,,01-Oct-13,10713,Air
AI0026113,BLR y DEL,,01-Oct-13,10713,Air
AI0026526,BRU v LHR,,28-Sep-13,13000,Air
AI0026335,BLR y AMD,,29-Sep-13,9439,Air
AI0026335,AMD y BLR,,29-Sep-13,9439,Air
AI0026395,BOM Y GOI,,03-Oct-13,5216,Air
AI0026397,BLR Y BOM,,03-Oct-13,6888,Air
AI0026550,BLR Y DEL,,02-Oct-13,11882,Air
AI0026550,BLR Y DEL,,02-Oct-13,11882,Air
AI0026568,DEL Y BOM,,03-Oct-13,10797,Air
AI0026581,BOM y DEL,,03-Oct-13,10079,Air
AI0026796,BLR s BOM,,30-Sep-13,8682,Air
AI0026797,BLR s BOM,,30-Sep-13,8682,Air
AI0026798,BOM h BLR,,30-Sep-13,7487,Air
AI0026799,BOM h BLR,,30-Sep-13,7487,Air
AI0026875,BLR y BOM,,01-Oct-13,7282,Air
AI0026875,BOM y BLR,,01-Oct-13,7283,Air
AI0026978,BLR y BOM,,01-Oct-13,7216,Air
AI0026978,BLR y BOM,,01-Oct-13,7216,Air
AI0026980,BOM y BLR,,01-Oct-13,7351,Air
AI0026980,BOM y BLR,,01-Oct-13,7351,Air
AI0027345,BLR Y BOM,,04-Oct-13,8196,Air
AI0027345,BOM Y BLR,,08-Oct-13,7918,Air
AI0027352,LON g DEL,,08-Oct-13,6500,Air
AI0027406,BLR s BOM,,03-Oct-13,7145,Air
AI0027522,BLR y AMD,,04-Oct-13,9439,Air
AI0027522,AMD y BLR,,04-Oct-13,9439,Air
AI0027522,BLR y AMD,,04-Oct-13,9439,Air
AI0027522,AMD y BLR,,04-Oct-13,9439,Air
AI0027448,MON u BLR,NYC,18-Oct-13,8800,Air
AI0027614,BLR Y BOM,,09-Oct-13,7956,Air
AI0027715,BLR n EWR,LHR,08-Oct-13,47000,Air
AI0027715,EWR n BLR,LHR,08-Oct-13,47000,Air
AI0027828,BOM Y BLR,,09-Oct-13,8026,Air
AI0027835,BLR Y BOM,,09-Oct-13,7956,Air
AI0027879,BLR v NYC,BOM,12-Oct-13,39000,Air
AI0027879,NYC v BLR,BOM,12-Oct-13,39000,Air
AI0027915,BOM Y BLR,,10-Oct-13,8026,Air
AI0027932,BLR Y BOM,,19-Oct-13,7745,Air
AI0027932,BOM Y BLR,,14-Oct-13,8039,Air
AI0028005,BLR y BOM,,09-Oct-13,7216,Air
AI0028047,BLR Y BOM,,10-Oct-13,7956,Air
AI0028047,BOM Y BLR,,10-Oct-13,8026,Air
AI0028147,BLR Y BOM,,09-Oct-13,7943,Air
AI0028197,BLR t SIN,MAA,11-Oct-13,11917,Air
AI0028197,SIN w BLR,MAA,11-Oct-13,11918,Air
AI0028193,BOM Y BLR,,11-Oct-13,7918,Air
AI0028193,BLR Y BOM,,10-Oct-13,7956,Air
AI0028251,BLR s BOM,,10-Oct-13,6466,Air
AI0028251,BOM h BLR,,10-Oct-13,6467,Air
AI0028321,BLR g BOM,,10-Oct-13,6920,Air
AI0028321,BOM v BLR,,10-Oct-13,6920,Air
AI0028413,FRA q BLR,,10-Oct-13,15000,Air
AI0028362,BOM Y BLR,,10-Oct-13,8251,Air
AI0028516,BLR Y IXC,,21-Oct-13,9939,Air
AI0028516,IXC Y BLR,,26-Oct-13,7708,Air
AI0028516,BLR Y IXC,,21-Oct-13,9939,Air
AI0028516,IXC Y BLR,,26-Oct-13,7708,Air
AI0028517,BLR Y IXC,,21-Oct-13,9939,Air
AI0028530,IXC l DEL,,26-Oct-13,5775,Air
AI0028531,DEL t BLR,,27-Oct-13,8284,Air
AI0028574,BLR k FRA,,27-Oct-13,25202,Air
AI0028574,FRA k BLR,,27-Oct-13,25203,Air
AI0028576,EWR y BLR,LHR,14-Oct-13,9000,Air
AI0028621,BOM Y BLR,,15-Oct-13,7762,Air
AI0028647,BLR y BOM,,19-Oct-13,7216,Air
AI0028861,YUL h NRT,YYZ,15-Oct-13,59500,Air
AI0028861,NRT n YUL,YYZ,15-Oct-13,59500,Air
AI0028863,YUL h NRT,YYZ,15-Oct-13,59500,Air
AI0028863,NRT n YUL,YYZ,15-Oct-13,59500,Air
AI0029070,DEL y BLR,,16-Oct-13,10624,Air
AI0029257,BLR Y BOM,,19-10-2013,7745,Air
AI0029276,BLR Y BOM,,19-10-2013,7996,Air
AI0029283,BLR Y DEL,,21-10-2013,11706,Air
AI0029286,BLR Y DEL,,19-10-2013,11706,Air
AI0029324,BLR y DEL,,21-10-2013,10152,Air
AI0029324,BLR y DEL,,21-10-2013,10152,Air
AI0030218,BLR v EWR,BOM,21-10-2013,37415,Air
AI0030218,EWR v BLR,BOM,21-10-2013,37415,Air
AI0029384,BLR Y DEL,,19-10-2013,11565,Air
AI0029447,BLR y DEL,,20-10-2013,10713,Air
AI0029537,BOM o DEL,,03-11-2013,7983,Air
AI0029583,BLR y DEL,,21-10-2013,10196,Air
AI0029583,DEL y BLR,,21-10-2013,10196,Air
AI0029583,BLR y DEL,,21-10-2013,10196,Air
AI0029583,DEL y BLR,,21-10-2013,10196,Air
AI0029704,FRA s DEL,BOM,02-11-2013,34008,Air
AI0029704,DEL k FRA,,02-11-2013,34009,Air
AI0029703,BLR q EWR,LHR,22-10-2013,36000,Air
AI0029703,EWR q BLR,LHR,22-10-2013,36000,Air
AI0029848,DEL s BLR,,21-10-2013,10389,Air
AI0029930,BLR s PVG,HKG,25-10-2013,22500,Air
AI0029930,PVG v BLR,HKG,25-10-2013,22500,Air
AI0029931,BLR s PVG,HKG,25-10-2013,22500,Air
AI0029931,PVG v BLR,HKG,25-10-2013,22500,Air
AI0029984,BLR Y HYD,,25-10-2013,5584,Air
AI0030031,DEL Y BLR,,30-10-2013,10159,Air
AI0030063,BLR y DEL,,24-10-2013,10713,Air
AI0030102,NYC v BLR,BOM,30-10-2013,21870,Air
AI0030412,BLR q EWR,DXB,14-11-2013,43100,Air
AI0030412,EWR x BLR,DXB,14-11-2013,43100,Air
AI0030316,BLR y MAA,,24-10-2013,4949,Air
AI0030391,BOM Y BLR,,01-11-2013,8079,Air
AI0030399,BLR Y BOM,,26-10-2013,7996,Air
AI0030414,MAA n PVG,HKG,25-10-2013,20500,Air
AI0030414,PVG n BLR,HKG,25-10-2013,20500,Air
AI0030418,BOM Y BLR,,28-10-2013,9556,Air
AI0030418,BLR Y BOM,,29-10-2013,7996,Air
AI0030443,BOM Y DEL,,30-10-2013,11072,Air
AI0030446,DEL Y BLR,,30-10-2013,11566,Air
AI0030471,BLR Y BOM,,31-10-2013,7745,Air
AI0030589,BLR Y BOM,,27-10-2013,7868,Air
AI0030592,BOM y BLR,,27-10-2013,7351,Air
AI0030625,BLR Y BOM,,26-10-2013,7679,Air
AI0030694,BLR Y DEL,,30-10-2013,11917,Air
AI0030694,DEL Y BLR,,07-11-2013,10300,Air
AI0031078,DEL y BLR,,05-11-2013,10668,Air
AI0031078,BLR y DEL,,05-11-2013,10668,Air
AI0031185,BOM Y BLR,,01-11-2013,8631,Air
AI0031186,BOM Y BLR,,01-11-2013,8831,Air
AI0031243,BLR Y BOM,,01-11-2013,8249,Air
AI0031243,BOM Y BLR,,01-11-2013,8017,Air
AI0031258,BLR s BOM,,01-11-2013,8087,Air
AI0031259,BLR s BOM,,01-11-2013,8087,Air
AI0031450,BOM h BLR,,01-Nov-13,8104,Air
AI0031442,DEL y BLR,,04-Nov-13,10624,Air
AI0031462,BLR Y DEL,,05-Nov-13,11565,Air
AI0031462,DEL Y BLR,,05-Nov-13,14013,Air
AI0031630,BLR Y PAT,,13-Nov-13,10097,Air
AI0031717,BLR Y BOM,,10-Nov-13,10212,Air
AI0031717,BOM Y BLR,,22-Nov-13,5334,Air
AI0031767,DEL Y BLR,,10-Nov-13,12844,Air
AI0031831,BOM Y BLR,,07-Nov-13,7762,Air
AI0031914,BOM Y BLR,,11-Nov-13,7828,Air
AI0031914,BLR Y BOM,,11-Nov-13,7745,Air
AI0031970,BLR y DEL,,09-Nov-13,10713,Air
AI0032038,BOM Y BLR,,13-Nov-13,7828,Air
AI0032079,BLR y BOM,,12-Nov-13,7216,Air
AI0032255,BLR Y BOM,,12-Nov-13,7996,Air
AI0032255,BLR Y BOM,,12-Nov-13,7996,Air
AI0032276,BOM Y BLR,,13-Nov-13,7828,Air
AI0032323,BLR y DEL,,10-Nov-13,10713,Air
AI0032634,BOM Y BLR,,13-Nov-13,8079,Air
AI0032634,BLR Y BOM,,13-Nov-13,7996,Air
AI0032710,BOM Y BLR,,13-Nov-13,9177,Air
AI0032728,BLR y DEL,,14-Nov-13,10713,Air
AI0032740,BOM Y BLR,,12-Nov-13,8332,Air
AI0032756,BOM y HYD,,13-Nov-13,5297,Air
AI0032758,BOM y BLR,,14-Nov-13,7351,Air
AI0032790,HYD Y BOM,,15-Nov-13,6005,Air
AI0032823,BLR y HYD,,14-Nov-13,5298,Air
AI0032823,HYD y BLR,,14-Nov-13,5299,Air
AI0032824,DEL y HYD,,14-Nov-13,9855,Air
AI0032825,BOM y DEL,,16-Nov-13,10079,Air
AI0032870,BLR Y BOM,,14-Nov-13,7996,Air
AI0032870,BOM Y BLR,,14-Nov-13,8039,Air
AI0033149,HYD y BLR,,14-Nov-13,5438,Air
AI0033289,BOM Y HYD,,21-Nov-13,5125,Air
AI0033332,BLR y BOM,,19-Nov-13,7216,Air
AI0033342,DEL y BOM,,19-Nov-13,9855,Air
AI0033343,BOM y DEL,,21-Nov-13,10079,Air
AI0033466,BOM y DEL,,16-Nov-13,10079,Air
AI0033508,BLR Y BOM,,19-Nov-13,7996,Air
AI0033508,BOM Y BLR,,19-Nov-13,7828,Air
AI0033992,BLR h BOM,,19-Nov-13,7234,Air
AI0033992,BOM h BLR,,19-Nov-13,7234,Air
AI0034070,DEL y BOM,,19-Nov-13,9855,Air
AI0034246,BLR Y BOM,,21-Nov-13,7996,Air
AI0034246,BOM Y BLR,,21-Nov-13,8332,Air
AI0034353,BLR t BOM,,22-Nov-13,15004,Air
AI0034331,BLR Y DEL,,25-Nov-13,12041,Air
AI0034331,DEL Y BLR,,25-Nov-13,11706,Air
AI0034485,HYD Y BOM,,24-Nov-13,5794,Air
AI0034487,BLR Y BOM,,25-Nov-13,7996,Air
AI0034564,CCU h BLR,BOM,26-Nov-13,14860,Air
AI0034624,BLR Y BOM,,25-Nov-13,8168,Air
AI0034624,BOM Y BLR,,25-Nov-13,8079,Air
AI0034778,BLR e BOM,,24-Nov-13,7872,Air
AI0034780,BOM h BLR,,25-Nov-13,8079,Air
AI0034833,BLR y BOM,,25-Nov-13,7216,Air
AI0034835,BLR y BOM,,29-Nov-13,7216,Air
AI0034902,BOM Y BLR,,25-Nov-13,8079,Air
AI0035207,BOM h BLR,,01-Dec-13,6652,Air
AI0035207,BLR v BOM,,01-Dec-13,6653,Air
AI0035488,BLR h DEL,BOM,02-Dec-13,19066,Air
AI0035557,BLR y HYD,,04-Dec-13,5298,Air
AI0035557,HYD y BLR,,04-Dec-13,5299,Air
AI0035557,BLR y HYD,,04-Dec-13,5298,Air
AI0035557,HYD y BLR,,04-Dec-13,5299,Air
AI0035607,DEL y BLR,,02-Dec-13,10152,Air
AI0035737,BLR e DEL,,02-Dec-13,11936,Air
AI0035618,BLR y LKO,,05-Dec-13,10146,Air
AI0035618,LKO y BLR,,05-Dec-13,10147,Air
AI0035621,DEL y BOM,,03-Dec-13,9449,Air
AI0035621,BOM y DEL,,03-Dec-13,9450,Air
AI0035738,BLR e BOM,,30-Nov-13,7872,Air
AI0035741,BOM h BLR,,30-Nov-13,8079,Air
AI0035843,HYD h LHR,DXB,09-Dec-13,43250,Air
AI0035843,LHR e BLR,DXB,09-Dec-13,43250,Air
AI0036017,BLR h DEL,BOM,04-Dec-13,18698,Air
AI0036056,HYD y BLR,,19-Dec-13,5438,Air
AI0036056,HYD y BLR,,19-Dec-13,5438,Air
AI0036056,HYD y BLR,,19-Dec-13,5438,Air
AI0036056,HYD y BLR,,19-Dec-13,5438,Air
AI0036057,BLR y HYD,,18-Dec-13,5161,Air
AI0036057,BLR y HYD,,18-Dec-13,5161,Air
AI0036058,BLR y HYD,,19-Dec-13,5161,Air
AI0036058,BLR y HYD,,19-Dec-13,5161,Air
AI0036242,BLR v KUL,,04-Dec-13,18500,Air
AI0036242,KUL n BLR,,04-Dec-13,18500,Air
AI0036368,BLR y DEL,,06-Dec-13,10151,Air
AI0036368,DEL y BLR,,06-Dec-13,10151,Air
AI0036368,BLR y DEL,,06-Dec-13,10151,Air
AI0036368,DEL y BLR,,06-Dec-13,10151,Air
AI0036203,BOM Y DEL,,05-Dec-13,11072,Air
AI0036244,BLR w SYD,,10-Dec-13,37500,Air
AI0036244,SYD q BLR,BKK,10-Dec-13,37500,Air
AI0036260,BOM Y DEL,,05-Dec-13,11072,Air
AI0036297,DEL Y BLR,,06-Dec-13,11901,Air
AI0036297,BLR Y DEL,,06-Dec-13,11933,Air
AI0036499,BLR h ORD,LHR,11-Jan-14,57500,Air
AI0036499,ORD q BLR,LHR,11-Jan-14,57500,Air
AI0036374,DEL y BLR,,06-Dec-13,9857,Air
AI0036374,DEL y BLR,,06-Dec-13,9857,Air
AI0036498,BRU s LHR,,15-Dec-13,11773,Air
AI0036498,LHR e BRU,,15-Dec-13,11773,Air
AI0036498,BSL y BRU,,13-Dec-13,11792,Air
AI0036498,DEL v BSL,LON,10-Dec-13,49671,Air
AI0036498,BSL v LON,BRU,10-Dec-13,49671,Air
AI0036498,LON w DEL,,24-Dec-13,0,Fill up
AI0036502,BLR s PVG,HKG,10-Dec-13,19000,Air
AI0036502,PVG s BLR,HKG,10-Dec-13,19000,Air
AI0036535,BOM Y BLR,,06-Dec-13,7828,Air
AI0036535,BLR Y BOM,,07-Dec-13,7745,Air
VI0003091,Towards Dubai Visa Charges ,,,5380,Visa
AI0036703,BLR Y BOM,,09-Dec-13,7996,Air
AI0036723,BOM Y BLR,,09-Dec-13,8009,Air
AI0036770,BLR n KUL,,11-Dec-13,13750,Air
AI0036770,KUL n BLR,,11-Dec-13,13750,Air
AI0036974,DXB b BLR,,12-Dec-13,27800,Air
AI0037330,BLR y BOM,,11-Dec-13,7186,Air
AI0037330,BOM y BLR,,11-Dec-13,7186,Air
AI0037186,BLR v DXB,,11-Dec-13,17200,Air
AI0037212,IAH r BLR,DXB,10-Dec-13,9000,Air
AI0037236,BLR Y BOM,,11-Dec-13,7996,Air
VI0003143,Towards Dubai Visa Charges ,,,5380,Visa
AI0037350,BLR t DXB,BOM,11-Dec-13,21100,Air
AI0037350,DXB t BLR,IXE,11-Dec-13,21100,Air
AI0037351,BLR w SIN,,16-Dec-13,23750,Air
AI0037351,SIN e BLR,,16-Dec-13,23750,Air
AI0037357,BOM Y BLR,,15-Dec-13,8039,Air
AI0037357,BLR Y BOM,,15-Dec-13,7868,Air
AI0037565,BOM e BLR,,11-Dec-13,8017,Air
AI0037584,BLR s DEL,,15-Dec-13,10429,Air
AI0037585,DEL h BOM,,16-Dec-13,10536,Air
AI0037586,BOM s BLR,,19-Dec-13,7470,Air
VI0003176,Canada Visa Charges ,,,10500,Visa
VI0003185,Malaysia Visa Charges ,,,1900,Visa
AI0037709,BOM Y BLR,,16-Dec-13,8457,Air
AI0037716,BLR y BOM,,17-Dec-13,6698,Air
AI0037788,BOM Y GOI,,19-Dec-13,8672,Air
AI0037803,BLR s DEL,,15-Dec-13,10529,Air
AI0037804,DEL h BOM,,16-Dec-13,10636,Air
AI0038099,BLR Y BOM,,20-Dec-13,8682,Air
AI0038099,BOM Y BLR,,20-Dec-13,10295,Air
AI0038205,HYD y BLR,,19-Dec-13,5438,Air
AI0038205,HYD y BLR,,19-Dec-13,5438,Air
AI0038205,HYD y BLR,,19-Dec-13,5438,Air
AI0038205,HYD y BLR,,19-Dec-13,5438,Air
AI0038206,BLR y HYD,,18-Dec-13,5161,Air
AI0038206,BLR y HYD,,18-Dec-13,5161,Air
AI0038297,BLR Y BOM,,20-Dec-13,7745,Air
AI0038297,BOM Y BLR,,20-Dec-13,8251,Air
AI0038321,BLR s BOM,,20-Dec-13,7387,Air
AI0038339,BOM Y BLR,,20-Dec-13,8079,Air
AI0038405,BOM Y BLR,,19-Dec-13,7828,Air
AI0038465,BLR u BOM,,20-Dec-13,7317,Air
AI0038465,BOM w BLR,,20-Dec-13,7317,Air
AI0038468,BOM u BLR,,22-Dec-13,6945,Air
AI0038468,BLR u BOM,,22-Dec-13,6946,Air
AI0038561,BOM Y BLR,,20-Dec-13,8448,Air
AI0038672,DEL t BLR,,11-Jan-14,8284,Air
AI0038678,BOM y BLR,,20-Dec-13,6327,Air
AI0038797,BLR s DEL,,23-Dec-13,10504,Air
AI0038797,DEL s BLR,,25-Dec-13,10364,Air
AI0038956,BLR s DEL,,23-Dec-13,10113,Air
AI0038899,DEL y BOM,,24-Dec-13,9338,Air
AI0039115,BLR u DEL,,26-Dec-13,10807,Air
AI0039115,DEL g BLR,,26-Dec-13,10808,Air
AI0039206,GOI t BLR,,02-Jan-14,13357,Air
AI0039207,BLR y GOI,,29-Dec-13,6680,Air
AI0039145,BLR Y BOM,,26-Dec-13,7996,Air
AI0039257,BLR u DEL,,27-Dec-13,10750,Air
AI0039257,DEL u BLR,,27-Dec-13,10750,Air
AI0039456,BLR v BOM,,06-Jan-14,6940,Air
AI0039590,BLR v BOM,,06-Jan-14,7040,Air
AI0040002,DEL t BLR,,15-Jan-14,10399,Air
AI0040383,HYD Y BLR,,07-Jan-14,5808,Air
AI0040612,BOM Y BLR,,15-Jan-14,7234,Air
AI0040612,BLR Y BOM,,10-Jan-14,7996,Air
AI0040754,BLR Y BOM,,09-Jan-14,7996,Air
AI0040754,BLR Y BOM,,09-Jan-14,7996,Air
AI0040783,BLR s DEL,,10-Jan-14,10429,Air
AI0040784,BLR s DEL,,10-Jan-14,10334,Air
AI0040784,DEL s BLR,,10-Jan-14,10334,Air
AI0040785,BLR s DEL,,10-Jan-14,10334,Air
AI0040785,DEL s BLR,,10-Jan-14,10334,Air
AI0040892,BLR e BOM,,13-Jan-14,8083,Air
AI0040892,BOM e BLR,,13-Jan-14,8084,Air
AI0041224,DEL y HYD,,12-Jan-14,10032,Air
AI0041247,HYD Y BLR,,14-Jan-14,6019,Air
AI0041256,BOM Y BLR,,14-Jan-14,8079,Air
AI0041487,BLR Y BOM,,15-Jan-14,7234,Air
AI0041487,BOM Y BLR,,15-Jan-14,7235,Air
AI0041789,BLR y DEL,,17-Jan-14,10332,Air
AI0041789,DEL y BLR,,17-Jan-14,10333,Air
AI0041753,BLR s PVG,HKG,22-Jan-14,23917,Air
AI0041753,PVG v BLR,HKG,22-Jan-14,23918,Air
AI0041798,BLR Y BOM,,17-Jan-14,7234,Air
AI0041798,BOM Y BLR,,17-Jan-14,7235,Air
VI0003503,China Visa Charges,,,5614,Visa
VI0003504,Switzerland Visa Charges,,,7000,Visa
VI0003505,Towards Dubai Visa Charges ,,,5362,Visa
AI0041838,BLR y HYD,,22-Jan-14,5389,Air
AI0041838,HYD y BLR,,22-Jan-14,5389,Air
AI0041839,BLR y HYD,,22-Jan-14,5389,Air
AI0041839,HYD y BLR,,22-Jan-14,5389,Air
AI0042220,BLR e BOM,,17-Jan-14,8011,Air
AI0042226,BOM k BLR,,17-Jan-14,8554,Air
AI0041932,BLR Y BOM,,20-Jan-14,7900,Air
AI0041932,BOM Y BLR,,20-Jan-14,7900,Air
AI0041994,HYD e NCL,LON,26-Jan-14,5600,Air
AI0041994,NCL n HYD,LON,26-Jan-14,5600,Air
VI0003518,China Visa Charges,,,7547,Visa
AI0042068,BLR e BOM,,20-Jan-14,7331,Air
AI0042068,BOM e BLR,,20-Jan-14,7332,Air
AI0042086,BOM q HKG,,21-Jan-14,17500,Air
AI0042086,HKG n BLR,,21-Jan-14,17500,Air
AI0042096,BLR t HKG,BOM,20-Jan-14,14250,Air
AI0042096,HKG t BLR,BOM,20-Jan-14,14250,Air
AI0042325,BLR s BOM,,20-Jan-14,7337,Air
AI0042232,BLR w SIN,,20-Jan-14,20800,Air
AI0042274,BLR y AMD,,22-Jan-14,9615,Air
AI0042274,AMD y BLR,,22-Jan-14,9616,Air
AI0042283,BOM y AMD,,23-Jan-14,4859,Air
AI0042289,SIN y BLR,,22-Jan-14,10729,Air
AI0042363,BLR y BOM,,21-Jan-14,6885,Air
AI0042363,BOM y BLR,,21-Jan-14,6886,Air
AI0042363,BLR y BOM,,21-Jan-14,6885,Air
AI0042363,BOM y BLR,,21-Jan-14,6886,Air
AI0042363,BLR y BOM,,21-Jan-14,6885,Air
AI0042363,BOM y BLR,,21-Jan-14,6886,Air
AI0042454,AMD y BLR,,23-Jan-14,9579,Air
AI0042048,DEL y BLR,,25-01-2014,10289,Air
AI0042414,BLR Y BOM,,22-01-2014,7996,Air
AI0042421,BOM Y DEL,,22-01-2014,11072,Air
AI0042426,DEL Y BLR,,23-01-2014,11901,Air
AI0042651,COK m AMD,,21-02-2014,6867,Air
AI0042734,ZRH p MUC,TXL,23-01-2014,13500,Air
AI0042735,ZRH p MUC,TXL,23-01-2014,14450,Air
AI0042735,MUC q ZRH,TXL,23-01-2014,14450,Air
AI0042603,BLR Y BOM,,24-01-2014,7150,Air
AI0042603,BOM Y BLR,,24-01-2014,7151,Air
AI0042608,BOM Y BLR,,06-02-2014,5440,Air
AI0042608,BLR Y BOM,,06-02-2014,5440,Air
AI0042608,BOM Y BLR,,06-02-2014,5440,Air
AI0042608,BLR Y BOM,,06-02-2014,5440,Air
AI0042791,BLR b DXB,,26-01-2014,17150,Air
AI0042791,DXB x BLR,,26-01-2014,17150,Air
AI0042736,BLR w SIN,,03-02-2014,18400,Air
AI0042736,SIN w BLR,,03-02-2014,18400,Air
AI0042740,NRT y BLR,SIN,10-02-2014,53500,Air
AI0042740,BLR y NRT,SIN,10-02-2014,53500,Air
AI0043076,BLR b DXB,,26-01-2014,4150,Air
AI0043076,DXB b BLR,,26-01-2014,4150,Air
AI0043326,BOM v ZRH,,30-01-2014,34000,Air
AI0043326,ZRH v LKO,DEL,30-01-2014,34000,Air
AI0043330,BLR w SIN,,04-02-2014,750,Air
AI0043330,SIN w BLR,,04-02-2014,750,Air
AI0043359,BLR Y BOM,,29-01-2014,7714,Air
AI0043359,BOM Y BLR,,29-01-2014,7715,Air
AI0043359,BLR Y BOM,,29-01-2014,7714,Air
AI0043359,BOM Y BLR,,29-01-2014,7715,Air
AI0043359,BLR Y BOM,,29-01-2014,7714,Air
AI0043359,BOM Y BLR,,29-01-2014,7715,Air
AI0043364,BLR Y BOM,,29-01-2014,7420,Air
AI0043442,BLR h BOM,,28-01-2014,7996,Air
AI0043443,BOM h BLR,,28-01-2014,8079,Air
AI0043529,BLR Y BOM,,29-01-2014,7220,Air
AI0043529,BOM Y BLR,,29-01-2014,7220,Air
AI0043572,BLR Y BOM,,31-01-2014,7094,Air
AI0043572,BOM Y BLR,,31-01-2014,7094,Air
AI0043595,BOM y BLR,,29-01-2014,6955,Air
AI0043595,BOM y BLR,,29-01-2014,6955,Air
AI0043595,BOM y BLR,,29-01-2014,6955,Air
AI0043609,BOM Y IXE,,03-02-2014,5864,Air
AI0043707,BLR Y BOM,,29-01-2014,7996,Air
AI0043708,BOM Y DEL,,30-01-2014,11072,Air
AI0043720,BLR Y DEL,,30-01-2014,10689,Air
AI0043720,DEL Y BLR,,30-01-2014,10689,Air
AI0043724,DEL y BLR,,31-01-2014,10289,Air
AI0043725,LKO y DEL,,03-02-2014,5285,Air
AI0043740,BLR y BOM,,03-02-2014,6819,Air
AI0043741,BLR y BOM,,03-02-2014,6885,Air
AI0043741,BOM y BLR,,03-02-2014,6886,Air
AI0043742,BOM y BLR,,29-01-2014,6955,Air
VI0003637,Switzerland Visa,,,7500,Visa
AI0043828,BLR w SIN,,04-02-2014,18900,Air
AI0043828,SIN w BLR,,04-02-2014,18900,Air
AI0043830,DEL e ZRH,,04-02-2014,31900,Air
AI0043830,ZRH h BLR,BOM,04-02-2014,31900,Air
AI0043775,HYD Y BLR,,03-02-2014,5868,Air
AI0043775,BLR Y HYD,,03-02-2014,5644,Air
AI0043840,BLR h BOM,,31-01-2014,7567,Air
AI0043840,BOM s BLR,,31-01-2014,7567,Air
AI0043853,BLR h BOM,,30-01-2014,7234,Air
AI0043853,BOM h BLR,,30-01-2014,7234,Air
AI0043879,BLR y LKO,,03-02-2014,10338,Air
AI0043879,LKO y BLR,,03-02-2014,10339,Air
AI0043879,BLR y LKO,,03-02-2014,10338,Air
AI0043879,LKO y BLR,,03-02-2014,10339,Air
AI0043880,BLR y LKO,,03-02-2014,10439,Air
AI0043881,HYD y BOM,,03-02-2014,5000,Air
AI0043883,BOM y BLR,,04-02-2014,6955,Air
AI0044657,BLR y SIN,,06-02-2014,10429,Air
AI0044657,SIN y BLR,,06-02-2014,10430,Air
AI0044071,BLR y BOM,,03-02-2014,6819,Air
AI0044072,BOM y DEL,,05-02-2014,9728,Air
AI0044075,BLR y LKO,,03-02-2014,13297,Air
AI0044075,LKO y BLR,,03-02-2014,13298,Air
AI0044076,BOM y BLR,,04-02-2014,6955,Air
AI0044077,BLR y BOM,,03-02-2014,6819,Air
AI0044172,GVA w CPH,,18-02-2014,20000,Air
AI0044174,HYD n ZRH,LON,11-02-2014,39100,Air
AI0044174,ZRH n HYD,LON,11-02-2014,39100,Air
AI0044547,DEL u ZRH,DXB,04-02-2014,31500,Air
AI0044547,ZRH u BLR,DXB,04-02-2014,31500,Air
VI0003688,Malaysia Visa,,,4000,Visa
AI0044548,DEL e LHR,,11-02-2014,25900,Air
AI0044548,LHR e DEL,,11-02-2014,25900,Air
AI0044549,LHR n ZRH,,11-02-2014,10000,Air
AI0044549,ZRH o LHR,CPH,11-02-2014,10000,Air
AI0044550,GVA w CPH,,18-02-2014,22000,Air
AI0044551,BLR q KUL,,05-02-2014,16750,Air
AI0044551,KUL s BLR,,05-02-2014,16750,Air
AI0044552,BLR q KUL,,05-02-2014,16750,Air
AI0044552,KUL s BLR,,05-02-2014,16750,Air
AI0044605,ZRH y MUC,,14-02-2014,19400,Air
AI0044605,MUC y GVA,,14-02-2014,19400,Air
VI0003703,China Visa,,,15000,Visa
VI0003704,China Visa,,,15000,Visa
VI0003705,China Visa,,,15000,Visa
AI0044604,BLR Y HYD,,03-02-2014,5133,Air
AI0044604,HYD Y BLR,,03-02-2014,5134,Air
AI0044678,HYD y DEL,,03-02-2014,10397,Air
AI0044620,LKO Y DEL,,03-02-2014,5625,Air
AI0044762,DEL Y BLR,,06-02-2014,9869,Air
AI0044762,BLR Y DEL,,06-02-2014,9870,Air
AI0044789,BLR y DEL,,04-02-2014,10290,Air
AI0044789,DEL y BLR,,04-02-2014,10290,Air
AI0044843,DEL Y BLR,,04-02-2014,11320,Air
AI0045025,BOM y DEL,,06-02-2014,8979,Air
AI0045205,BLR Y BOM,,07-02-2014,8312,Air
AI0045226,BOM y BLR,,07-02-2014,5225,Air
AI0045259,BLR Y BOM,,07-02-2014,8312,Air
AI0045322,BOM y BLR,,07-02-2014,5225,Air
AI0045397,BOM Y BLR,,07-02-2014,7889,Air
AI0045587,BOM Y DEL,,12-02-2014,11072,Air
AI0045590,DEL Y BOM,,13-02-2014,10849,Air
AI0045786,BLR y BOM,,10-02-2014,5089,Air
AI0045642,IXC y HYD,,09-02-2014,16422,Air
AI0045842,DEL y BLR,,17-02-2014,10291,Air
AI0045842,BLR y DEL,,17-02-2014,10292,Air
AI0045863,HYD y BLR,,11-02-2014,5043,Air
AI0045992,BLR Y BOM,,12-02-2014,7234,Air
AI0045992,BOM Y BLR,,12-02-2014,7235,Air
AI0046043,BLR Y BOM,,15-02-2014,7996,Air
AI0046070,BLR y DEL,,13-02-2014,10291,Air
AI0046070,DEL y BLR,,13-02-2014,10292,Air
AI0046086,BLR y DEL,,13-02-2014,10291,Air
AI0046086,DEL y BLR,,13-02-2014,10292,Air
AI0046131,BLR Y BOM,,14-02-2014,7996,Air
AI0046139,BLR y BOM,,13-02-2014,5156,Air
AI0046139,BOM y BLR,,13-02-2014,5156,Air
AI0046140,BLR y BOM,,13-02-2014,5156,Air
AI0046140,BOM y BLR,,13-02-2014,5156,Air
AI0046141,BOM y BLR,,14-02-2014,10446,Air
AI0046215,BLR Y BOM,,13-02-2014,7234,Air
AI0046215,BOM Y BLR,,13-02-2014,7235,Air
AI0046239,BLR Y BOM,,13-02-2014,7996,Air
AI0046299,BLR y DEL,,16-02-2014,10336,Air
AI0046375,BOM s BLR,,13-02-2014,7445,Air
AI0046376,BOM s BLR,,13-02-2014,7445,Air
AI0046458,BOM Y BLR,,14-02-2014,10295,Air
AI0046488,BOM y BLR,,14-02-2014,10446,Air
AI0046489,BLR y AMD,,21-02-2014,9616,Air
AI0046489,AMD y BLR,,21-02-2014,9617,Air
AI0046489,BLR y AMD,,21-02-2014,9616,Air
AI0046489,AMD y BLR,,21-02-2014,9617,Air
AI0046490,AMD y BLR,,23-02-2014,9580,Air
AI0046490,AMD y BLR,,23-02-2014,9580,Air
AI0046845,BLR Y BOM,,28-Feb-14,6690,Air
AI0046845,BOM Y BLR,,24-Feb-14,8079,Air
AI0046872,BLR y AMD,,21-Feb-14,9629,Air
AI0047028,BOM y BLR,,19-Feb-14,5206,Air
AI0047029,MAA y BOM,,25-Feb-14,8201,Air
AI0047133,BLR u BOM,,21-Feb-14,7745,Air
AI0047134,BOM d BLR,,21-Feb-14,8445,Air
AI0047196,BLR Y BOM,,21-Feb-14,7745,Air
AI0047196,BOM Y BLR,,23-Feb-14,7828,Air
AI0047266,CCU y BLR,,20-Feb-14,9951,Air
AI0047207,BLR y AMD,,21-Feb-14,9591,Air
AI0047207,AMD y BLR,,21-Feb-14,9591,Air
AI0047475,BOM s BLR,,21-Feb-14,7445,Air
AI0047693,BOM y BLR,,03-Apr-14,4280,Air
AI0047693,BLR y BOM,,03-Apr-14,4280,Air
AI0047694,BOM y BLR,,24-Feb-14,10426,Air
AI0047733,BOM y BLR,,25-Feb-14,5206,Air
AI0047765,BLR y HYD,,26-Feb-14,4744,Air
AI0047793,BLR Y BOM,,25-Feb-14,7234,Air
AI0047793,BOM Y BLR,,25-Feb-14,7235,Air
AI0047812,DEL y HYD,,26-Feb-14,8729,Air
AI0047813,HYD y BLR,,28-Feb-14,5021,Air
AI0047843,BOM k BLR,,27-Feb-14,8976,Air
AI0047874,HYD Y BOM,,27-Feb-14,6005,Air
AI0047877,HYD Y BOM,,27-Feb-14,6005,Air
AI0047878,BOM Y BLR,,27-Feb-14,8659,Air
AI0048208,BLR y HYD,,26-Feb-14,4744,Air
AI0048211,BLR y HYD,,28-Feb-14,4881,Air
AI0048211,HYD y BLR,,28-Feb-14,4882,Air
AI0048212,BLR y BOM,,26-Feb-14,5069,Air
AI0048301,BLR Y DEL,,28-Feb-14,11996,Air
AI0048301,DEL Y BLR,,28-Feb-14,11996,Air
AI0048428,BLR y DEL,,28-Feb-14,10260,Air
AI0048428,DEL y BLR,,28-Feb-14,10261,Air
AI0048428,BLR y DEL,,28-Feb-14,10260,Air
AI0048428,DEL y BLR,,28-Feb-14,10261,Air
AI0048457,DEL n BLR,,28-Feb-14,14953,Air
AI0048458,BLR e DEL,,28-Feb-14,12151,Air
AI0048550,BOM y BLR,,28-Feb-14,5206,Air
AI0048625,HYD y BOM,,28-Feb-14,4704,Air
AI0048583,BLR Y BOM,,02-Mar-14,7234,Air
AI0048583,BOM Y BLR,,02-Mar-14,7235,Air
